[global batch tokens] : 1,048,576
[world size]           : 8
[grad accum steps]     : 4
[model] loading from /mnt/weka/mmusayelyan/tinyllama_checkpoints/TinyLlama-1.1B-intermediate-step-1431k-3T
[model] total parameters: 1,100,048,384
[optim] decayed tensors    : 156  (1,099,956,224 params)
[optim] non-decayed tensors: 45  (92,160 params)
step     10/13952 | loss 1.9777 | lr 1.63e-06 | grad_norm 0.70 | tok/s 279,532
step     20/13952 | loss 1.9648 | lr 3.27e-06 | grad_norm 0.60 | tok/s 287,062
step     30/13952 | loss 1.9693 | lr 4.90e-06 | grad_norm 0.50 | tok/s 286,795
step     40/13952 | loss 1.9568 | lr 6.53e-06 | grad_norm 0.37 | tok/s 286,610
step     50/13952 | loss 1.9724 | lr 8.16e-06 | grad_norm 0.33 | tok/s 286,390
step     60/13952 | loss 1.9470 | lr 9.80e-06 | grad_norm 0.31 | tok/s 286,153
step     70/13952 | loss 1.9373 | lr 1.14e-05 | grad_norm 0.30 | tok/s 285,929
step     80/13952 | loss 1.9550 | lr 1.31e-05 | grad_norm 0.29 | tok/s 285,932
step     90/13952 | loss 1.9483 | lr 1.47e-05 | grad_norm 0.28 | tok/s 286,010
step    100/13952 | loss 1.9506 | lr 1.63e-05 | grad_norm 0.29 | tok/s 285,831
step    110/13952 | loss 1.9352 | lr 1.80e-05 | grad_norm 0.29 | tok/s 285,951
step    120/13952 | loss 1.9141 | lr 1.96e-05 | grad_norm 0.29 | tok/s 285,878
step    130/13952 | loss 1.9257 | lr 2.12e-05 | grad_norm 0.28 | tok/s 285,968
step    140/13952 | loss 1.9262 | lr 2.29e-05 | grad_norm 0.28 | tok/s 285,939
step    150/13952 | loss 1.9450 | lr 2.45e-05 | grad_norm 0.28 | tok/s 286,058
step    160/13952 | loss 1.9126 | lr 2.61e-05 | grad_norm 0.29 | tok/s 285,907
step    170/13952 | loss 1.9096 | lr 2.78e-05 | grad_norm 0.46 | tok/s 286,003
step    180/13952 | loss 1.9104 | lr 2.94e-05 | grad_norm 0.38 | tok/s 285,829
step    190/13952 | loss 1.9214 | lr 3.10e-05 | grad_norm 0.29 | tok/s 285,879
step    200/13952 | loss 1.9071 | lr 3.27e-05 | grad_norm 0.29 | tok/s 285,941
step    210/13952 | loss 1.9149 | lr 3.43e-05 | grad_norm 0.30 | tok/s 285,772
step    220/13952 | loss 1.8986 | lr 3.59e-05 | grad_norm 0.29 | tok/s 286,097
step    230/13952 | loss 1.8857 | lr 3.76e-05 | grad_norm 0.56 | tok/s 286,011
step    240/13952 | loss 1.8934 | lr 3.92e-05 | grad_norm 0.31 | tok/s 286,022
step    250/13952 | loss 1.8979 | lr 4.08e-05 | grad_norm 0.29 | tok/s 286,177
step    260/13952 | loss 1.8966 | lr 4.24e-05 | grad_norm 0.34 | tok/s 286,166
step    270/13952 | loss 1.8852 | lr 4.41e-05 | grad_norm 0.30 | tok/s 286,074
step    280/13952 | loss 1.8934 | lr 4.57e-05 | grad_norm 0.33 | tok/s 286,184
step    290/13952 | loss 1.8792 | lr 4.73e-05 | grad_norm 0.30 | tok/s 285,989
step    300/13952 | loss 1.8717 | lr 4.90e-05 | grad_norm 0.30 | tok/s 286,099
step    310/13952 | loss 1.8868 | lr 5.06e-05 | grad_norm 0.30 | tok/s 286,084
step    320/13952 | loss 1.8743 | lr 5.22e-05 | grad_norm 1.67 | tok/s 286,073
step    330/13952 | loss 1.8591 | lr 5.39e-05 | grad_norm 0.33 | tok/s 286,121
step    340/13952 | loss 1.8725 | lr 5.55e-05 | grad_norm 0.30 | tok/s 286,086
step    350/13952 | loss 1.8703 | lr 5.71e-05 | grad_norm 0.30 | tok/s 286,091
step    360/13952 | loss 1.8770 | lr 5.88e-05 | grad_norm 0.32 | tok/s 286,033
step    370/13952 | loss 1.8708 | lr 6.04e-05 | grad_norm 0.50 | tok/s 286,022
step    380/13952 | loss 1.8610 | lr 6.20e-05 | grad_norm 0.31 | tok/s 286,142
step    390/13952 | loss 1.8742 | lr 6.37e-05 | grad_norm 0.32 | tok/s 286,217
step    400/13952 | loss 1.8652 | lr 6.53e-05 | grad_norm 0.33 | tok/s 286,005
step    410/13952 | loss 1.8585 | lr 6.69e-05 | grad_norm 0.33 | tok/s 285,808
step    420/13952 | loss 1.8587 | lr 6.86e-05 | grad_norm 0.37 | tok/s 286,110
step    430/13952 | loss 1.8605 | lr 7.02e-05 | grad_norm 0.32 | tok/s 286,171
step    440/13952 | loss 1.8657 | lr 7.18e-05 | grad_norm 0.32 | tok/s 286,057
step    450/13952 | loss 1.8499 | lr 7.35e-05 | grad_norm 0.34 | tok/s 286,146
step    460/13952 | loss 1.8531 | lr 7.51e-05 | grad_norm 0.32 | tok/s 286,088
step    470/13952 | loss 1.8608 | lr 7.67e-05 | grad_norm 0.35 | tok/s 286,084
step    480/13952 | loss 1.8530 | lr 7.84e-05 | grad_norm 0.33 | tok/s 286,008
step    490/13952 | loss 1.8530 | lr 8.00e-05 | grad_norm 0.41 | tok/s 285,964
step    500/13952 | loss 1.8399 | lr 8.00e-05 | grad_norm 0.43 | tok/s 286,158
step    510/13952 | loss 1.8433 | lr 8.00e-05 | grad_norm 0.35 | tok/s 286,143
step    520/13952 | loss 1.8619 | lr 8.00e-05 | grad_norm 0.34 | tok/s 286,069
step    530/13952 | loss 1.8404 | lr 8.00e-05 | grad_norm 0.32 | tok/s 286,136
step    540/13952 | loss 1.8462 | lr 8.00e-05 | grad_norm 0.33 | tok/s 286,083
step    550/13952 | loss 1.8345 | lr 8.00e-05 | grad_norm 0.33 | tok/s 286,122
step    560/13952 | loss 1.8511 | lr 8.00e-05 | grad_norm 0.33 | tok/s 286,125
step    570/13952 | loss 1.8223 | lr 8.00e-05 | grad_norm 0.34 | tok/s 286,190
step    580/13952 | loss 1.8250 | lr 8.00e-05 | grad_norm 0.35 | tok/s 286,253
step    590/13952 | loss 1.8377 | lr 8.00e-05 | grad_norm 0.34 | tok/s 286,073
step    600/13952 | loss 1.8370 | lr 8.00e-05 | grad_norm 0.38 | tok/s 286,196
step    610/13952 | loss 1.8250 | lr 8.00e-05 | grad_norm 0.33 | tok/s 286,065
step    620/13952 | loss 1.8314 | lr 8.00e-05 | grad_norm 0.46 | tok/s 286,162
step    630/13952 | loss 1.8224 | lr 8.00e-05 | grad_norm 0.32 | tok/s 286,003
step    640/13952 | loss 1.8315 | lr 8.00e-05 | grad_norm 0.31 | tok/s 286,128
step    650/13952 | loss 1.8154 | lr 8.00e-05 | grad_norm 0.45 | tok/s 286,237
step    660/13952 | loss 1.8287 | lr 8.00e-05 | grad_norm 0.35 | tok/s 286,072
step    670/13952 | loss 1.8415 | lr 8.00e-05 | grad_norm 0.33 | tok/s 286,156
step    680/13952 | loss 1.8318 | lr 8.00e-05 | grad_norm 0.38 | tok/s 286,195
step    690/13952 | loss 1.8174 | lr 8.00e-05 | grad_norm 0.34 | tok/s 286,171
step    700/13952 | loss 1.8259 | lr 8.00e-05 | grad_norm 0.31 | tok/s 286,138
step    710/13952 | loss 1.8227 | lr 8.00e-05 | grad_norm 0.32 | tok/s 286,258
step    720/13952 | loss 1.8205 | lr 8.00e-05 | grad_norm 0.31 | tok/s 285,993
step    730/13952 | loss 1.8214 | lr 8.00e-05 | grad_norm 0.32 | tok/s 286,151
step    740/13952 | loss 1.8192 | lr 8.00e-05 | grad_norm 0.31 | tok/s 286,139
step    750/13952 | loss 1.8267 | lr 8.00e-05 | grad_norm 0.35 | tok/s 286,201
step    760/13952 | loss 1.8091 | lr 8.00e-05 | grad_norm 0.32 | tok/s 286,119
step    770/13952 | loss 1.8274 | lr 8.00e-05 | grad_norm 0.32 | tok/s 286,144
step    780/13952 | loss 1.8151 | lr 8.00e-05 | grad_norm 0.34 | tok/s 286,133
step    790/13952 | loss 1.8140 | lr 8.00e-05 | grad_norm 0.32 | tok/s 286,014
step    800/13952 | loss 1.8138 | lr 8.00e-05 | grad_norm 0.33 | tok/s 286,217
step    810/13952 | loss 1.8270 | lr 8.00e-05 | grad_norm 0.35 | tok/s 286,145
step    820/13952 | loss 1.8296 | lr 8.00e-05 | grad_norm 0.32 | tok/s 286,130
step    830/13952 | loss 1.8112 | lr 8.00e-05 | grad_norm 0.30 | tok/s 286,111
step    840/13952 | loss 1.8001 | lr 8.00e-05 | grad_norm 0.33 | tok/s 286,053
step    850/13952 | loss 1.8136 | lr 8.00e-05 | grad_norm 0.34 | tok/s 286,049
step    860/13952 | loss 1.8222 | lr 8.00e-05 | grad_norm 0.49 | tok/s 286,089
step    870/13952 | loss 1.8158 | lr 8.00e-05 | grad_norm 0.34 | tok/s 286,100
step    880/13952 | loss 1.8158 | lr 8.00e-05 | grad_norm 0.77 | tok/s 286,043
step    890/13952 | loss 1.7967 | lr 8.00e-05 | grad_norm 0.33 | tok/s 285,936
step    900/13952 | loss 1.8049 | lr 8.00e-05 | grad_norm 0.33 | tok/s 286,115
step    910/13952 | loss 1.8188 | lr 8.00e-05 | grad_norm 0.32 | tok/s 286,141
step    920/13952 | loss 1.8090 | lr 8.00e-05 | grad_norm 0.33 | tok/s 285,991
step    930/13952 | loss 1.8053 | lr 8.00e-05 | grad_norm 0.32 | tok/s 286,048
step    940/13952 | loss 1.8070 | lr 8.00e-05 | grad_norm 0.73 | tok/s 286,159
step    950/13952 | loss 1.8136 | lr 8.00e-05 | grad_norm 0.31 | tok/s 286,073
step    960/13952 | loss 1.8084 | lr 8.00e-05 | grad_norm 0.32 | tok/s 286,031
step    970/13952 | loss 1.8074 | lr 8.00e-05 | grad_norm 0.34 | tok/s 286,057
step    980/13952 | loss 1.7998 | lr 8.00e-05 | grad_norm 0.32 | tok/s 285,986
step    990/13952 | loss 1.8069 | lr 8.00e-05 | grad_norm 0.83 | tok/s 286,110
step   1000/13952 | loss 1.7882 | lr 8.00e-05 | grad_norm 0.39 | tok/s 286,201
step   1010/13952 | loss 1.8077 | lr 8.00e-05 | grad_norm 0.31 | tok/s 286,208
step   1020/13952 | loss 1.8134 | lr 8.00e-05 | grad_norm 0.55 | tok/s 286,145
step   1030/13952 | loss 1.8033 | lr 8.00e-05 | grad_norm 0.35 | tok/s 286,107
step   1040/13952 | loss 1.8048 | lr 8.00e-05 | grad_norm 0.43 | tok/s 286,157
step   1050/13952 | loss 1.8097 | lr 8.00e-05 | grad_norm 0.31 | tok/s 286,006
step   1060/13952 | loss 1.8041 | lr 8.00e-05 | grad_norm 1.02 | tok/s 286,209
step   1070/13952 | loss 1.8227 | lr 8.00e-05 | grad_norm 0.39 | tok/s 286,132
step   1080/13952 | loss 1.8123 | lr 8.00e-05 | grad_norm 0.34 | tok/s 286,267
step   1090/13952 | loss 1.8061 | lr 8.00e-05 | grad_norm 0.34 | tok/s 286,146
step   1100/13952 | loss 1.8020 | lr 8.00e-05 | grad_norm 0.32 | tok/s 286,196
step   1110/13952 | loss 1.8041 | lr 8.00e-05 | grad_norm 0.32 | tok/s 286,156
step   1120/13952 | loss 1.8036 | lr 8.00e-05 | grad_norm 0.33 | tok/s 286,109
step   1130/13952 | loss 1.8029 | lr 8.00e-05 | grad_norm 0.31 | tok/s 286,324
step   1140/13952 | loss 1.8015 | lr 8.00e-05 | grad_norm 0.30 | tok/s 286,150
step   1150/13952 | loss 1.8001 | lr 8.00e-05 | grad_norm 0.38 | tok/s 286,174
step   1160/13952 | loss 1.8091 | lr 8.00e-05 | grad_norm 0.31 | tok/s 286,165
step   1170/13952 | loss 1.8066 | lr 8.00e-05 | grad_norm 0.32 | tok/s 286,105
step   1180/13952 | loss 1.7989 | lr 8.00e-05 | grad_norm 0.31 | tok/s 286,129
step   1190/13952 | loss 1.7982 | lr 8.00e-05 | grad_norm 0.30 | tok/s 285,984
step   1200/13952 | loss 1.8009 | lr 8.00e-05 | grad_norm 0.36 | tok/s 286,113
step   1210/13952 | loss 1.8027 | lr 8.00e-05 | grad_norm 0.30 | tok/s 286,034
step   1220/13952 | loss 1.8055 | lr 8.00e-05 | grad_norm 0.32 | tok/s 286,136
step   1230/13952 | loss 1.8036 | lr 8.00e-05 | grad_norm 0.32 | tok/s 286,091
step   1240/13952 | loss 1.7955 | lr 8.00e-05 | grad_norm 0.31 | tok/s 286,183
step   1250/13952 | loss 1.8091 | lr 8.00e-05 | grad_norm 0.32 | tok/s 285,955
step   1260/13952 | loss 1.8035 | lr 8.00e-05 | grad_norm 0.32 | tok/s 286,158
step   1270/13952 | loss 1.8111 | lr 8.00e-05 | grad_norm 0.33 | tok/s 285,771
step   1280/13952 | loss 1.8036 | lr 8.00e-05 | grad_norm 0.37 | tok/s 285,979
step   1290/13952 | loss 1.8156 | lr 8.00e-05 | grad_norm 0.33 | tok/s 286,061
step   1300/13952 | loss 1.7992 | lr 8.00e-05 | grad_norm 0.31 | tok/s 286,062
step   1310/13952 | loss 1.7910 | lr 8.00e-05 | grad_norm 0.33 | tok/s 286,146
step   1320/13952 | loss 1.7997 | lr 8.00e-05 | grad_norm 0.32 | tok/s 286,076
step   1330/13952 | loss 1.8027 | lr 8.00e-05 | grad_norm 0.33 | tok/s 286,142
step   1340/13952 | loss 1.8071 | lr 8.00e-05 | grad_norm 0.32 | tok/s 285,964
step   1350/13952 | loss 1.7942 | lr 8.00e-05 | grad_norm 0.32 | tok/s 286,233
step   1360/13952 | loss 1.8028 | lr 8.00e-05 | grad_norm 0.32 | tok/s 286,157
step   1370/13952 | loss 1.7943 | lr 8.00e-05 | grad_norm 0.33 | tok/s 286,151
step   1380/13952 | loss 1.7976 | lr 8.00e-05 | grad_norm 0.31 | tok/s 286,151
step   1390/13952 | loss 1.7883 | lr 8.00e-05 | grad_norm 0.30 | tok/s 286,107
step   1400/13952 | loss 1.7784 | lr 8.00e-05 | grad_norm 0.30 | tok/s 286,124
step   1410/13952 | loss 1.7806 | lr 8.00e-05 | grad_norm 0.34 | tok/s 286,223
step   1420/13952 | loss 1.7884 | lr 8.00e-05 | grad_norm 0.31 | tok/s 286,206
step   1430/13952 | loss 1.8002 | lr 8.00e-05 | grad_norm 0.32 | tok/s 286,105
step   1440/13952 | loss 1.7751 | lr 8.00e-05 | grad_norm 0.33 | tok/s 286,246
step   1450/13952 | loss 1.7794 | lr 8.00e-05 | grad_norm 0.32 | tok/s 286,234
step   1460/13952 | loss 1.7875 | lr 8.00e-05 | grad_norm 0.30 | tok/s 286,244
step   1470/13952 | loss 1.7891 | lr 8.00e-05 | grad_norm 0.31 | tok/s 286,196
step   1480/13952 | loss 1.7731 | lr 8.00e-05 | grad_norm 0.35 | tok/s 286,229
step   1490/13952 | loss 1.7967 | lr 8.00e-05 | grad_norm 0.32 | tok/s 286,207
step   1500/13952 | loss 1.7908 | lr 8.00e-05 | grad_norm 0.34 | tok/s 286,214
step   1510/13952 | loss 1.7840 | lr 8.00e-05 | grad_norm 0.33 | tok/s 286,222
step   1520/13952 | loss 1.7900 | lr 8.00e-05 | grad_norm 0.32 | tok/s 286,187
step   1530/13952 | loss 1.7779 | lr 8.00e-05 | grad_norm 0.31 | tok/s 286,273
step   1540/13952 | loss 1.7770 | lr 8.00e-05 | grad_norm 0.31 | tok/s 286,254
step   1550/13952 | loss 1.7859 | lr 8.00e-05 | grad_norm 0.33 | tok/s 286,264
step   1560/13952 | loss 1.7944 | lr 8.00e-05 | grad_norm 0.35 | tok/s 286,179
step   1570/13952 | loss 1.7886 | lr 8.00e-05 | grad_norm 0.31 | tok/s 286,217
step   1580/13952 | loss 1.7784 | lr 8.00e-05 | grad_norm 0.31 | tok/s 286,251
step   1590/13952 | loss 1.7794 | lr 8.00e-05 | grad_norm 0.32 | tok/s 286,076
step   1600/13952 | loss 1.7729 | lr 8.00e-05 | grad_norm 0.31 | tok/s 286,234
step   1610/13952 | loss 1.7930 | lr 8.00e-05 | grad_norm 0.32 | tok/s 286,140
step   1620/13952 | loss 1.7834 | lr 8.00e-05 | grad_norm 0.32 | tok/s 286,211
step   1630/13952 | loss 1.7826 | lr 8.00e-05 | grad_norm 0.29 | tok/s 286,200
step   1640/13952 | loss 1.7938 | lr 8.00e-05 | grad_norm 0.33 | tok/s 286,207
step   1650/13952 | loss 1.7731 | lr 8.00e-05 | grad_norm 0.30 | tok/s 286,433
step   1660/13952 | loss 1.7696 | lr 8.00e-05 | grad_norm 0.31 | tok/s 286,239
step   1670/13952 | loss 1.7859 | lr 8.00e-05 | grad_norm 0.32 | tok/s 286,153
step   1680/13952 | loss 1.7891 | lr 8.00e-05 | grad_norm 0.32 | tok/s 286,256
step   1690/13952 | loss 1.7663 | lr 8.00e-05 | grad_norm 0.31 | tok/s 286,167
step   1700/13952 | loss 1.7819 | lr 8.00e-05 | grad_norm 0.30 | tok/s 286,141
step   1710/13952 | loss 1.7800 | lr 8.00e-05 | grad_norm 0.32 | tok/s 286,154
step   1720/13952 | loss 1.7718 | lr 8.00e-05 | grad_norm 0.31 | tok/s 286,232
step   1730/13952 | loss 1.7675 | lr 8.00e-05 | grad_norm 0.32 | tok/s 286,014
step   1740/13952 | loss 1.7800 | lr 8.00e-05 | grad_norm 0.31 | tok/s 286,104
step   1750/13952 | loss 1.7777 | lr 8.00e-05 | grad_norm 0.32 | tok/s 286,183
step   1760/13952 | loss 1.7753 | lr 8.00e-05 | grad_norm 0.31 | tok/s 286,066
step   1770/13952 | loss 1.7913 | lr 8.00e-05 | grad_norm 0.33 | tok/s 286,207
step   1780/13952 | loss 1.7681 | lr 8.00e-05 | grad_norm 0.32 | tok/s 286,120
step   1790/13952 | loss 1.7762 | lr 8.00e-05 | grad_norm 0.31 | tok/s 286,291
step   1800/13952 | loss 1.7600 | lr 8.00e-05 | grad_norm 0.31 | tok/s 286,265
step   1810/13952 | loss 1.7657 | lr 8.00e-05 | grad_norm 0.32 | tok/s 286,215
step   1820/13952 | loss 1.7880 | lr 8.00e-05 | grad_norm 0.32 | tok/s 286,241
step   1830/13952 | loss 1.7653 | lr 8.00e-05 | grad_norm 0.32 | tok/s 286,201
step   1840/13952 | loss 1.7781 | lr 8.00e-05 | grad_norm 0.31 | tok/s 286,213
step   1850/13952 | loss 1.7586 | lr 8.00e-05 | grad_norm 0.30 | tok/s 286,104
step   1860/13952 | loss 1.7680 | lr 8.00e-05 | grad_norm 0.34 | tok/s 286,163
step   1870/13952 | loss 1.7650 | lr 8.00e-05 | grad_norm 0.30 | tok/s 286,199
step   1880/13952 | loss 1.7645 | lr 8.00e-05 | grad_norm 0.35 | tok/s 286,160
step   1890/13952 | loss 1.7737 | lr 8.00e-05 | grad_norm 0.32 | tok/s 286,155
step   1900/13952 | loss 1.7722 | lr 8.00e-05 | grad_norm 0.32 | tok/s 286,264
step   1910/13952 | loss 1.7839 | lr 8.00e-05 | grad_norm 0.32 | tok/s 286,240
step   1920/13952 | loss 1.7775 | lr 8.00e-05 | grad_norm 0.32 | tok/s 286,278
step   1930/13952 | loss 1.7756 | lr 8.00e-05 | grad_norm 0.33 | tok/s 286,226
step   1940/13952 | loss 1.7778 | lr 8.00e-05 | grad_norm 0.33 | tok/s 286,307
step   1950/13952 | loss 1.7703 | lr 8.00e-05 | grad_norm 0.31 | tok/s 286,196
step   1960/13952 | loss 1.7666 | lr 8.00e-05 | grad_norm 0.33 | tok/s 286,200
step   1970/13952 | loss 1.7810 | lr 8.00e-05 | grad_norm 0.35 | tok/s 286,085
step   1980/13952 | loss 1.7656 | lr 8.00e-05 | grad_norm 0.34 | tok/s 286,075
step   1990/13952 | loss 1.7809 | lr 8.00e-05 | grad_norm 0.31 | tok/s 286,194
step   2000/13952 | loss 1.7664 | lr 8.00e-05 | grad_norm 0.32 | tok/s 286,180
step   2010/13952 | loss 1.7681 | lr 8.00e-05 | grad_norm 0.32 | tok/s 286,204
step   2020/13952 | loss 1.7719 | lr 8.00e-05 | grad_norm 0.34 | tok/s 286,240
step   2030/13952 | loss 1.7595 | lr 8.00e-05 | grad_norm 0.36 | tok/s 286,283
step   2040/13952 | loss 1.7745 | lr 8.00e-05 | grad_norm 0.31 | tok/s 286,270
step   2050/13952 | loss 1.7761 | lr 8.00e-05 | grad_norm 0.33 | tok/s 286,217
step   2060/13952 | loss 1.7820 | lr 8.00e-05 | grad_norm 0.33 | tok/s 286,310
step   2070/13952 | loss 1.7673 | lr 8.00e-05 | grad_norm 0.32 | tok/s 286,301
step   2080/13952 | loss 1.7795 | lr 8.00e-05 | grad_norm 0.31 | tok/s 286,191
step   2090/13952 | loss 1.7810 | lr 8.00e-05 | grad_norm 0.32 | tok/s 286,411
step   2100/13952 | loss 1.7690 | lr 8.00e-05 | grad_norm 0.33 | tok/s 286,244
step   2110/13952 | loss 1.7883 | lr 8.00e-05 | grad_norm 0.32 | tok/s 286,305
step   2120/13952 | loss 1.7601 | lr 8.00e-05 | grad_norm 0.29 | tok/s 286,273
step   2130/13952 | loss 1.7720 | lr 8.00e-05 | grad_norm 0.31 | tok/s 286,152
step   2140/13952 | loss 1.7679 | lr 8.00e-05 | grad_norm 0.31 | tok/s 286,235
step   2150/13952 | loss 1.7648 | lr 8.00e-05 | grad_norm 0.31 | tok/s 286,071
step   2160/13952 | loss 1.7758 | lr 8.00e-05 | grad_norm 0.33 | tok/s 286,095
step   2170/13952 | loss 1.7621 | lr 8.00e-05 | grad_norm 0.31 | tok/s 286,234
step   2180/13952 | loss 1.7768 | lr 8.00e-05 | grad_norm 0.33 | tok/s 286,209
step   2190/13952 | loss 1.7713 | lr 8.00e-05 | grad_norm 0.31 | tok/s 286,079
step   2200/13952 | loss 1.7712 | lr 8.00e-05 | grad_norm 0.32 | tok/s 286,144
step   2210/13952 | loss 1.7831 | lr 8.00e-05 | grad_norm 0.31 | tok/s 286,115
step   2220/13952 | loss 1.7713 | lr 8.00e-05 | grad_norm 0.33 | tok/s 286,209
step   2230/13952 | loss 1.7544 | lr 8.00e-05 | grad_norm 0.32 | tok/s 286,307
step   2240/13952 | loss 1.7615 | lr 8.00e-05 | grad_norm 0.58 | tok/s 286,185
step   2250/13952 | loss 1.7714 | lr 8.00e-05 | grad_norm 0.32 | tok/s 286,338
step   2260/13952 | loss 1.7682 | lr 8.00e-05 | grad_norm 0.31 | tok/s 286,250
step   2270/13952 | loss 1.7558 | lr 8.00e-05 | grad_norm 0.31 | tok/s 286,136
step   2280/13952 | loss 1.7670 | lr 8.00e-05 | grad_norm 0.32 | tok/s 286,318
step   2290/13952 | loss 1.7721 | lr 8.00e-05 | grad_norm 0.31 | tok/s 286,311
step   2300/13952 | loss 1.7608 | lr 8.00e-05 | grad_norm 0.30 | tok/s 286,324
step   2310/13952 | loss 1.7764 | lr 8.00e-05 | grad_norm 0.31 | tok/s 286,242
step   2320/13952 | loss 1.7699 | lr 8.00e-05 | grad_norm 0.31 | tok/s 286,227
step   2330/13952 | loss 1.7779 | lr 8.00e-05 | grad_norm 0.31 | tok/s 286,283
step   2340/13952 | loss 1.7636 | lr 8.00e-05 | grad_norm 0.37 | tok/s 286,135
step   2350/13952 | loss 1.7825 | lr 8.00e-05 | grad_norm 0.31 | tok/s 286,169
step   2360/13952 | loss 1.7655 | lr 8.00e-05 | grad_norm 0.30 | tok/s 286,254
step   2370/13952 | loss 1.7613 | lr 8.00e-05 | grad_norm 0.30 | tok/s 286,095
step   2380/13952 | loss 1.7695 | lr 8.00e-05 | grad_norm 0.32 | tok/s 286,225
step   2390/13952 | loss 1.7611 | lr 8.00e-05 | grad_norm 0.31 | tok/s 286,323
step   2400/13952 | loss 1.7597 | lr 8.00e-05 | grad_norm 0.31 | tok/s 286,195
step   2410/13952 | loss 1.7651 | lr 8.00e-05 | grad_norm 0.33 | tok/s 286,237
step   2420/13952 | loss 1.7406 | lr 8.00e-05 | grad_norm 0.33 | tok/s 286,083
step   2430/13952 | loss 1.7598 | lr 8.00e-05 | grad_norm 0.30 | tok/s 286,138
step   2440/13952 | loss 1.7680 | lr 8.00e-05 | grad_norm 0.30 | tok/s 286,185
step   2450/13952 | loss 1.7502 | lr 8.00e-05 | grad_norm 0.32 | tok/s 286,206
step   2460/13952 | loss 1.7687 | lr 8.00e-05 | grad_norm 0.31 | tok/s 286,302
step   2470/13952 | loss 1.7710 | lr 8.00e-05 | grad_norm 0.30 | tok/s 286,215
step   2480/13952 | loss 1.7637 | lr 8.00e-05 | grad_norm 0.30 | tok/s 286,270
step   2490/13952 | loss 1.7564 | lr 8.00e-05 | grad_norm 0.32 | tok/s 286,252
step   2500/13952 | loss 1.7704 | lr 8.00e-05 | grad_norm 0.31 | tok/s 286,193
step   2510/13952 | loss 1.7644 | lr 8.00e-05 | grad_norm 0.30 | tok/s 286,149
step   2520/13952 | loss 1.7602 | lr 8.00e-05 | grad_norm 0.30 | tok/s 286,260
step   2530/13952 | loss 1.7512 | lr 8.00e-05 | grad_norm 0.30 | tok/s 286,257
step   2540/13952 | loss 1.7522 | lr 8.00e-05 | grad_norm 0.33 | tok/s 286,263
step   2550/13952 | loss 1.7518 | lr 8.00e-05 | grad_norm 0.32 | tok/s 286,179
step   2560/13952 | loss 1.7624 | lr 8.00e-05 | grad_norm 0.30 | tok/s 286,251
step   2570/13952 | loss 1.7608 | lr 8.00e-05 | grad_norm 0.32 | tok/s 286,160
step   2580/13952 | loss 1.7575 | lr 8.00e-05 | grad_norm 0.32 | tok/s 286,212
step   2590/13952 | loss 1.7561 | lr 8.00e-05 | grad_norm 0.33 | tok/s 286,049
step   2600/13952 | loss 1.7523 | lr 8.00e-05 | grad_norm 0.31 | tok/s 286,243
step   2610/13952 | loss 1.7625 | lr 8.00e-05 | grad_norm 0.34 | tok/s 286,230
step   2620/13952 | loss 1.7805 | lr 8.00e-05 | grad_norm 0.32 | tok/s 286,257
step   2630/13952 | loss 1.7663 | lr 8.00e-05 | grad_norm 0.32 | tok/s 286,171
step   2640/13952 | loss 1.7535 | lr 8.00e-05 | grad_norm 0.33 | tok/s 286,187
step   2650/13952 | loss 1.7567 | lr 8.00e-05 | grad_norm 0.33 | tok/s 286,149
step   2660/13952 | loss 1.7429 | lr 8.00e-05 | grad_norm 0.32 | tok/s 286,256
step   2670/13952 | loss 1.7486 | lr 8.00e-05 | grad_norm 0.32 | tok/s 286,209
step   2680/13952 | loss 1.7474 | lr 8.00e-05 | grad_norm 0.31 | tok/s 286,221
step   2690/13952 | loss 1.7443 | lr 8.00e-05 | grad_norm 0.31 | tok/s 286,242
step   2700/13952 | loss 1.7405 | lr 8.00e-05 | grad_norm 0.30 | tok/s 286,282
step   2710/13952 | loss 1.7659 | lr 8.00e-05 | grad_norm 0.31 | tok/s 286,359
step   2720/13952 | loss 1.7582 | lr 8.00e-05 | grad_norm 0.31 | tok/s 286,099
step   2730/13952 | loss 1.7488 | lr 8.00e-05 | grad_norm 0.32 | tok/s 286,159
step   2740/13952 | loss 1.7496 | lr 8.00e-05 | grad_norm 0.33 | tok/s 286,257
step   2750/13952 | loss 1.7486 | lr 8.00e-05 | grad_norm 0.32 | tok/s 286,190
step   2760/13952 | loss 1.7558 | lr 8.00e-05 | grad_norm 0.32 | tok/s 286,195
step   2770/13952 | loss 1.7528 | lr 8.00e-05 | grad_norm 0.31 | tok/s 286,117
step   2780/13952 | loss 1.7578 | lr 8.00e-05 | grad_norm 0.31 | tok/s 286,260
step   2790/13952 | loss 1.7656 | lr 8.00e-05 | grad_norm 0.31 | tok/s 286,114
step   2800/13952 | loss 1.7563 | lr 8.00e-05 | grad_norm 0.33 | tok/s 286,172
step   2810/13952 | loss 1.7570 | lr 8.00e-05 | grad_norm 0.33 | tok/s 286,220
step   2820/13952 | loss 1.7485 | lr 8.00e-05 | grad_norm 0.32 | tok/s 286,260
step   2830/13952 | loss 1.7436 | lr 8.00e-05 | grad_norm 0.31 | tok/s 286,156
step   2840/13952 | loss 1.7487 | lr 8.00e-05 | grad_norm 0.32 | tok/s 286,222
step   2850/13952 | loss 1.7491 | lr 8.00e-05 | grad_norm 0.59 | tok/s 286,217
step   2860/13952 | loss 1.7484 | lr 8.00e-05 | grad_norm 0.32 | tok/s 286,132
step   2870/13952 | loss 1.7491 | lr 8.00e-05 | grad_norm 0.32 | tok/s 286,266
step   2880/13952 | loss 1.7484 | lr 8.00e-05 | grad_norm 0.32 | tok/s 286,208
step   2890/13952 | loss 1.7452 | lr 8.00e-05 | grad_norm 0.31 | tok/s 286,169
step   2900/13952 | loss 1.7504 | lr 8.00e-05 | grad_norm 0.33 | tok/s 286,071
step   2910/13952 | loss 1.7585 | lr 8.00e-05 | grad_norm 0.32 | tok/s 286,293
step   2920/13952 | loss 1.7535 | lr 8.00e-05 | grad_norm 0.31 | tok/s 286,184
step   2930/13952 | loss 1.7453 | lr 8.00e-05 | grad_norm 0.32 | tok/s 286,246
step   2940/13952 | loss 1.7552 | lr 8.00e-05 | grad_norm 0.32 | tok/s 286,326
step   2950/13952 | loss 1.7545 | lr 8.00e-05 | grad_norm 0.36 | tok/s 286,183
step   2960/13952 | loss 1.7433 | lr 8.00e-05 | grad_norm 0.33 | tok/s 286,239
step   2970/13952 | loss 1.7600 | lr 8.00e-05 | grad_norm 0.31 | tok/s 286,196
step   2980/13952 | loss 1.7373 | lr 8.00e-05 | grad_norm 0.31 | tok/s 286,149
step   2990/13952 | loss 1.7463 | lr 8.00e-05 | grad_norm 0.31 | tok/s 286,194
step   3000/13952 | loss 1.7518 | lr 8.00e-05 | grad_norm 0.33 | tok/s 286,182
step   3010/13952 | loss 1.7238 | lr 8.00e-05 | grad_norm 0.33 | tok/s 286,060
step   3020/13952 | loss 1.7510 | lr 8.00e-05 | grad_norm 0.32 | tok/s 286,190
step   3030/13952 | loss 1.7483 | lr 8.00e-05 | grad_norm 0.32 | tok/s 286,142
step   3040/13952 | loss 1.7464 | lr 8.00e-05 | grad_norm 0.33 | tok/s 286,321
step   3050/13952 | loss 1.7512 | lr 8.00e-05 | grad_norm 0.32 | tok/s 286,177
step   3060/13952 | loss 1.7390 | lr 8.00e-05 | grad_norm 0.50 | tok/s 286,184
step   3070/13952 | loss 1.7559 | lr 8.00e-05 | grad_norm 0.31 | tok/s 286,135
step   3080/13952 | loss 1.7522 | lr 8.00e-05 | grad_norm 0.33 | tok/s 286,196
step   3090/13952 | loss 1.7607 | lr 8.00e-05 | grad_norm 0.31 | tok/s 286,191
step   3100/13952 | loss 1.7592 | lr 8.00e-05 | grad_norm 0.33 | tok/s 286,215
step   3110/13952 | loss 1.7722 | lr 8.00e-05 | grad_norm 0.32 | tok/s 286,240
step   3120/13952 | loss 1.7684 | lr 8.00e-05 | grad_norm 0.31 | tok/s 286,140
step   3130/13952 | loss 1.7616 | lr 8.00e-05 | grad_norm 0.35 | tok/s 286,235
step   3140/13952 | loss 1.7653 | lr 8.00e-05 | grad_norm 0.30 | tok/s 286,186
step   3150/13952 | loss 1.7458 | lr 8.00e-05 | grad_norm 0.34 | tok/s 286,222
step   3160/13952 | loss 1.7539 | lr 8.00e-05 | grad_norm 0.33 | tok/s 286,213
step   3170/13952 | loss 1.7542 | lr 8.00e-05 | grad_norm 0.31 | tok/s 286,099
step   3180/13952 | loss 1.7689 | lr 8.00e-05 | grad_norm 0.32 | tok/s 286,149
step   3190/13952 | loss 1.7672 | lr 8.00e-05 | grad_norm 0.33 | tok/s 286,136
step   3200/13952 | loss 1.7673 | lr 8.00e-05 | grad_norm 0.34 | tok/s 286,118
step   3210/13952 | loss 1.7606 | lr 8.00e-05 | grad_norm 0.31 | tok/s 286,015
step   3220/13952 | loss 1.7504 | lr 8.00e-05 | grad_norm 0.35 | tok/s 285,904
step   3230/13952 | loss 1.7564 | lr 8.00e-05 | grad_norm 0.43 | tok/s 286,022
step   3240/13952 | loss 1.7533 | lr 8.00e-05 | grad_norm 0.33 | tok/s 286,052
step   3250/13952 | loss 1.7487 | lr 8.00e-05 | grad_norm 0.32 | tok/s 286,091
step   3260/13952 | loss 1.7519 | lr 8.00e-05 | grad_norm 0.42 | tok/s 286,002
step   3270/13952 | loss 1.7548 | lr 8.00e-05 | grad_norm 0.33 | tok/s 285,940
step   3280/13952 | loss 1.7573 | lr 8.00e-05 | grad_norm 0.31 | tok/s 286,151
step   3290/13952 | loss 1.7420 | lr 8.00e-05 | grad_norm 0.34 | tok/s 286,179
step   3300/13952 | loss 1.7579 | lr 8.00e-05 | grad_norm 0.31 | tok/s 286,258
step   3310/13952 | loss 1.7615 | lr 8.00e-05 | grad_norm 0.35 | tok/s 286,283
step   3320/13952 | loss 1.7576 | lr 8.00e-05 | grad_norm 0.31 | tok/s 286,156
step   3330/13952 | loss 1.7474 | lr 8.00e-05 | grad_norm 0.33 | tok/s 286,334
step   3340/13952 | loss 1.7605 | lr 8.00e-05 | grad_norm 0.31 | tok/s 286,163
step   3350/13952 | loss 1.7455 | lr 8.00e-05 | grad_norm 0.32 | tok/s 286,303
step   3360/13952 | loss 1.7550 | lr 8.00e-05 | grad_norm 0.34 | tok/s 286,353
step   3370/13952 | loss 1.7390 | lr 8.00e-05 | grad_norm 0.60 | tok/s 286,261
step   3380/13952 | loss 1.7365 | lr 8.00e-05 | grad_norm 0.32 | tok/s 286,317
step   3390/13952 | loss 1.7693 | lr 8.00e-05 | grad_norm 0.32 | tok/s 286,273
step   3400/13952 | loss 1.7622 | lr 8.00e-05 | grad_norm 0.32 | tok/s 286,202
step   3410/13952 | loss 1.7462 | lr 8.00e-05 | grad_norm 0.31 | tok/s 286,276
step   3420/13952 | loss 1.7440 | lr 8.00e-05 | grad_norm 0.31 | tok/s 286,123
step   3430/13952 | loss 1.7407 | lr 8.00e-05 | grad_norm 0.32 | tok/s 286,357
step   3440/13952 | loss 1.7454 | lr 8.00e-05 | grad_norm 0.33 | tok/s 286,271
step   3450/13952 | loss 1.7512 | lr 8.00e-05 | grad_norm 0.33 | tok/s 286,115
step   3460/13952 | loss 1.7503 | lr 8.00e-05 | grad_norm 0.32 | tok/s 286,241
step   3470/13952 | loss 1.7317 | lr 8.00e-05 | grad_norm 0.32 | tok/s 286,226
step   3480/13952 | loss 1.7437 | lr 8.00e-05 | grad_norm 0.32 | tok/s 286,218
step   3490/13952 | loss 1.7372 | lr 8.00e-05 | grad_norm 0.33 | tok/s 286,282
step   3500/13952 | loss 1.7456 | lr 8.00e-05 | grad_norm 0.32 | tok/s 286,151
step   3510/13952 | loss 1.7452 | lr 8.00e-05 | grad_norm 0.31 | tok/s 286,169
step   3520/13952 | loss 1.7608 | lr 8.00e-05 | grad_norm 0.32 | tok/s 286,076
step   3530/13952 | loss 1.7445 | lr 8.00e-05 | grad_norm 0.33 | tok/s 286,159
step   3540/13952 | loss 1.7387 | lr 8.00e-05 | grad_norm 0.33 | tok/s 286,136
step   3550/13952 | loss 1.7518 | lr 8.00e-05 | grad_norm 0.34 | tok/s 286,088
step   3560/13952 | loss 1.7336 | lr 8.00e-05 | grad_norm 0.32 | tok/s 286,208
step   3570/13952 | loss 1.7472 | lr 8.00e-05 | grad_norm 0.33 | tok/s 286,235
step   3580/13952 | loss 1.7393 | lr 8.00e-05 | grad_norm 0.32 | tok/s 286,113
step   3590/13952 | loss 1.7502 | lr 8.00e-05 | grad_norm 0.33 | tok/s 286,218
step   3600/13952 | loss 1.7406 | lr 8.00e-05 | grad_norm 0.31 | tok/s 286,247
step   3610/13952 | loss 1.7377 | lr 8.00e-05 | grad_norm 0.31 | tok/s 286,276
step   3620/13952 | loss 1.7382 | lr 8.00e-05 | grad_norm 0.31 | tok/s 286,129
step   3630/13952 | loss 1.7482 | lr 8.00e-05 | grad_norm 0.33 | tok/s 286,249
step   3640/13952 | loss 1.7282 | lr 8.00e-05 | grad_norm 0.33 | tok/s 286,229
step   3650/13952 | loss 1.7323 | lr 8.00e-05 | grad_norm 0.32 | tok/s 286,239
step   3660/13952 | loss 1.7488 | lr 8.00e-05 | grad_norm 0.32 | tok/s 286,299
step   3670/13952 | loss 1.7440 | lr 8.00e-05 | grad_norm 0.32 | tok/s 286,099
step   3680/13952 | loss 1.7371 | lr 8.00e-05 | grad_norm 0.32 | tok/s 286,344
step   3690/13952 | loss 1.7525 | lr 8.00e-05 | grad_norm 0.31 | tok/s 286,272
step   3700/13952 | loss 1.7253 | lr 8.00e-05 | grad_norm 0.32 | tok/s 286,303
step   3710/13952 | loss 1.7388 | lr 8.00e-05 | grad_norm 0.33 | tok/s 286,352
step   3720/13952 | loss 1.7509 | lr 8.00e-05 | grad_norm 0.33 | tok/s 286,342
step   3730/13952 | loss 1.7357 | lr 8.00e-05 | grad_norm 0.31 | tok/s 286,307
step   3740/13952 | loss 1.7468 | lr 8.00e-05 | grad_norm 0.33 | tok/s 286,358
step   3750/13952 | loss 1.7316 | lr 8.00e-05 | grad_norm 0.32 | tok/s 286,308
step   3760/13952 | loss 1.7446 | lr 8.00e-05 | grad_norm 0.32 | tok/s 286,398
step   3770/13952 | loss 1.7362 | lr 8.00e-05 | grad_norm 0.30 | tok/s 286,316
step   3780/13952 | loss 1.7484 | lr 8.00e-05 | grad_norm 0.31 | tok/s 286,461
step   3790/13952 | loss 1.7435 | lr 8.00e-05 | grad_norm 0.31 | tok/s 286,183
step   3800/13952 | loss 1.7251 | lr 8.00e-05 | grad_norm 0.31 | tok/s 286,364
step   3810/13952 | loss 1.7407 | lr 8.00e-05 | grad_norm 0.33 | tok/s 286,345
step   3820/13952 | loss 1.7311 | lr 8.00e-05 | grad_norm 0.32 | tok/s 286,193
step   3830/13952 | loss 1.7395 | lr 8.00e-05 | grad_norm 0.31 | tok/s 286,304
step   3840/13952 | loss 1.7389 | lr 8.00e-05 | grad_norm 0.32 | tok/s 286,411
step   3850/13952 | loss 1.7356 | lr 8.00e-05 | grad_norm 0.35 | tok/s 286,338
step   3860/13952 | loss 1.7351 | lr 8.00e-05 | grad_norm 0.33 | tok/s 286,247
step   3870/13952 | loss 1.7390 | lr 8.00e-05 | grad_norm 0.32 | tok/s 286,283
step   3880/13952 | loss 1.7383 | lr 8.00e-05 | grad_norm 0.31 | tok/s 286,349
step   3890/13952 | loss 1.7441 | lr 8.00e-05 | grad_norm 0.32 | tok/s 286,293
step   3900/13952 | loss 1.7357 | lr 8.00e-05 | grad_norm 0.32 | tok/s 286,379
step   3910/13952 | loss 1.7283 | lr 8.00e-05 | grad_norm 0.33 | tok/s 286,273
step   3920/13952 | loss 1.7291 | lr 8.00e-05 | grad_norm 0.33 | tok/s 286,350
step   3930/13952 | loss 1.7421 | lr 8.00e-05 | grad_norm 0.34 | tok/s 286,264
step   3940/13952 | loss 1.7389 | lr 8.00e-05 | grad_norm 0.32 | tok/s 286,182
step   3950/13952 | loss 1.7169 | lr 8.00e-05 | grad_norm 0.33 | tok/s 286,305
step   3960/13952 | loss 1.7268 | lr 8.00e-05 | grad_norm 0.33 | tok/s 286,261
step   3970/13952 | loss 1.7500 | lr 8.00e-05 | grad_norm 0.32 | tok/s 286,332
step   3980/13952 | loss 1.7425 | lr 8.00e-05 | grad_norm 0.35 | tok/s 286,261
step   3990/13952 | loss 1.7448 | lr 8.00e-05 | grad_norm 0.32 | tok/s 286,360
step   4000/13952 | loss 1.7298 | lr 8.00e-05 | grad_norm 0.30 | tok/s 286,353
step   4010/13952 | loss 1.7360 | lr 8.00e-05 | grad_norm 0.32 | tok/s 286,300
step   4020/13952 | loss 1.7303 | lr 8.00e-05 | grad_norm 0.32 | tok/s 286,246
step   4030/13952 | loss 1.7325 | lr 8.00e-05 | grad_norm 0.31 | tok/s 286,280
step   4040/13952 | loss 1.7247 | lr 8.00e-05 | grad_norm 0.30 | tok/s 286,309
step   4050/13952 | loss 1.7355 | lr 8.00e-05 | grad_norm 0.31 | tok/s 286,190
step   4060/13952 | loss 1.7475 | lr 8.00e-05 | grad_norm 0.30 | tok/s 286,257
step   4070/13952 | loss 1.7263 | lr 8.00e-05 | grad_norm 0.32 | tok/s 286,156
step   4080/13952 | loss 1.7395 | lr 8.00e-05 | grad_norm 0.34 | tok/s 286,248
step   4090/13952 | loss 1.7195 | lr 8.00e-05 | grad_norm 0.42 | tok/s 286,099
step   4100/13952 | loss 1.7378 | lr 8.00e-05 | grad_norm 0.35 | tok/s 286,382
step   4110/13952 | loss 1.7455 | lr 8.00e-05 | grad_norm 0.32 | tok/s 286,220
step   4120/13952 | loss 1.7463 | lr 8.00e-05 | grad_norm 1.23 | tok/s 286,253
step   4130/13952 | loss 1.7275 | lr 8.00e-05 | grad_norm 0.33 | tok/s 286,333
step   4140/13952 | loss 1.7334 | lr 8.00e-05 | grad_norm 0.30 | tok/s 286,154
step   4150/13952 | loss 1.7564 | lr 8.00e-05 | grad_norm 0.32 | tok/s 286,280
step   4160/13952 | loss 1.7264 | lr 8.00e-05 | grad_norm 0.32 | tok/s 286,346
step   4170/13952 | loss 1.7393 | lr 8.00e-05 | grad_norm 0.36 | tok/s 286,327
step   4180/13952 | loss 1.7400 | lr 8.00e-05 | grad_norm 0.32 | tok/s 286,349
step   4190/13952 | loss 1.7361 | lr 8.00e-05 | grad_norm 0.33 | tok/s 286,308
step   4200/13952 | loss 1.7485 | lr 8.00e-05 | grad_norm 0.33 | tok/s 286,354
step   4210/13952 | loss 1.7392 | lr 8.00e-05 | grad_norm 0.32 | tok/s 286,358
step   4220/13952 | loss 1.7384 | lr 8.00e-05 | grad_norm 0.31 | tok/s 286,224
step   4230/13952 | loss 1.7318 | lr 8.00e-05 | grad_norm 0.32 | tok/s 286,333
step   4240/13952 | loss 1.7412 | lr 8.00e-05 | grad_norm 0.35 | tok/s 286,313
step   4250/13952 | loss 1.7419 | lr 8.00e-05 | grad_norm 0.31 | tok/s 286,345
step   4260/13952 | loss 1.7207 | lr 8.00e-05 | grad_norm 0.32 | tok/s 286,327
step   4270/13952 | loss 1.7409 | lr 8.00e-05 | grad_norm 0.31 | tok/s 286,355
step   4280/13952 | loss 1.7509 | lr 8.00e-05 | grad_norm 0.33 | tok/s 286,253
step   4290/13952 | loss 1.7262 | lr 8.00e-05 | grad_norm 1.72 | tok/s 286,279
step   4300/13952 | loss 1.7554 | lr 8.00e-05 | grad_norm 0.33 | tok/s 286,281
step   4310/13952 | loss 1.7551 | lr 8.00e-05 | grad_norm 0.33 | tok/s 286,223
step   4320/13952 | loss 1.7353 | lr 8.00e-05 | grad_norm 0.33 | tok/s 286,317
step   4330/13952 | loss 1.7291 | lr 8.00e-05 | grad_norm 0.31 | tok/s 286,230
step   4340/13952 | loss 1.7388 | lr 8.00e-05 | grad_norm 0.32 | tok/s 286,189
step   4350/13952 | loss 1.7272 | lr 8.00e-05 | grad_norm 0.30 | tok/s 286,076
step   4360/13952 | loss 1.7397 | lr 8.00e-05 | grad_norm 0.31 | tok/s 286,036
step   4370/13952 | loss 1.7347 | lr 8.00e-05 | grad_norm 0.32 | tok/s 286,132
step   4380/13952 | loss 1.7478 | lr 8.00e-05 | grad_norm 0.31 | tok/s 286,111
step   4390/13952 | loss 1.7416 | lr 8.00e-05 | grad_norm 0.32 | tok/s 286,083
step   4400/13952 | loss 1.7202 | lr 8.00e-05 | grad_norm 0.32 | tok/s 286,148
step   4410/13952 | loss 1.7213 | lr 8.00e-05 | grad_norm 0.34 | tok/s 286,193
step   4420/13952 | loss 1.7392 | lr 8.00e-05 | grad_norm 0.34 | tok/s 286,223
step   4430/13952 | loss 1.7402 | lr 8.00e-05 | grad_norm 0.32 | tok/s 286,320
step   4440/13952 | loss 1.7494 | lr 8.00e-05 | grad_norm 0.32 | tok/s 286,340
step   4450/13952 | loss 1.7266 | lr 8.00e-05 | grad_norm 0.31 | tok/s 286,253
step   4460/13952 | loss 1.7294 | lr 8.00e-05 | grad_norm 0.34 | tok/s 286,431
step   4470/13952 | loss 1.7374 | lr 8.00e-05 | grad_norm 0.36 | tok/s 286,328
step   4480/13952 | loss 1.7402 | lr 8.00e-05 | grad_norm 0.32 | tok/s 286,366
step   4490/13952 | loss 1.7451 | lr 8.00e-05 | grad_norm 0.32 | tok/s 286,322
step   4500/13952 | loss 1.7451 | lr 8.00e-05 | grad_norm 0.32 | tok/s 286,411
step   4510/13952 | loss 1.7412 | lr 8.00e-05 | grad_norm 0.32 | tok/s 286,197
step   4520/13952 | loss 1.7263 | lr 8.00e-05 | grad_norm 0.31 | tok/s 286,317
step   4530/13952 | loss 1.7221 | lr 8.00e-05 | grad_norm 0.31 | tok/s 286,409
step   4540/13952 | loss 1.7396 | lr 8.00e-05 | grad_norm 0.32 | tok/s 286,348
step   4550/13952 | loss 1.7235 | lr 8.00e-05 | grad_norm 0.31 | tok/s 286,445
step   4560/13952 | loss 1.7161 | lr 8.00e-05 | grad_norm 0.31 | tok/s 286,317
step   4570/13952 | loss 1.7421 | lr 8.00e-05 | grad_norm 0.32 | tok/s 286,454
step   4580/13952 | loss 1.7329 | lr 8.00e-05 | grad_norm 0.33 | tok/s 286,363
step   4590/13952 | loss 1.7263 | lr 8.00e-05 | grad_norm 0.32 | tok/s 286,223
step   4600/13952 | loss 1.7326 | lr 8.00e-05 | grad_norm 0.33 | tok/s 286,425
step   4610/13952 | loss 1.7258 | lr 8.00e-05 | grad_norm 0.31 | tok/s 286,305
step   4620/13952 | loss 1.7328 | lr 8.00e-05 | grad_norm 0.31 | tok/s 286,187
step   4630/13952 | loss 1.7343 | lr 8.00e-05 | grad_norm 0.33 | tok/s 286,328
step   4640/13952 | loss 1.7424 | lr 8.00e-05 | grad_norm 0.31 | tok/s 286,423
step   4650/13952 | loss 1.7353 | lr 8.00e-05 | grad_norm 0.43 | tok/s 286,288
step   4660/13952 | loss 1.7285 | lr 8.00e-05 | grad_norm 0.32 | tok/s 286,419
step   4670/13952 | loss 1.7353 | lr 8.00e-05 | grad_norm 0.32 | tok/s 286,300
step   4680/13952 | loss 1.7328 | lr 8.00e-05 | grad_norm 0.31 | tok/s 286,241
step   4690/13952 | loss 1.7203 | lr 8.00e-05 | grad_norm 0.31 | tok/s 286,217
step   4700/13952 | loss 1.7323 | lr 8.00e-05 | grad_norm 0.32 | tok/s 286,297
step   4710/13952 | loss 1.7267 | lr 8.00e-05 | grad_norm 0.32 | tok/s 286,169
step   4720/13952 | loss 1.7309 | lr 8.00e-05 | grad_norm 0.34 | tok/s 286,402
step   4730/13952 | loss 1.7200 | lr 8.00e-05 | grad_norm 0.38 | tok/s 286,318
step   4740/13952 | loss 1.7416 | lr 8.00e-05 | grad_norm 0.38 | tok/s 286,294
step   4750/13952 | loss 1.7348 | lr 8.00e-05 | grad_norm 0.32 | tok/s 286,306
step   4760/13952 | loss 1.7335 | lr 8.00e-05 | grad_norm 0.31 | tok/s 286,231
step   4770/13952 | loss 1.7403 | lr 8.00e-05 | grad_norm 0.33 | tok/s 286,260
step   4780/13952 | loss 1.7175 | lr 8.00e-05 | grad_norm 0.32 | tok/s 286,218
step   4790/13952 | loss 1.7174 | lr 8.00e-05 | grad_norm 0.32 | tok/s 286,292
step   4800/13952 | loss 1.7177 | lr 8.00e-05 | grad_norm 0.31 | tok/s 286,229
step   4810/13952 | loss 1.7332 | lr 8.00e-05 | grad_norm 0.36 | tok/s 286,174
step   4820/13952 | loss 1.7204 | lr 8.00e-05 | grad_norm 0.39 | tok/s 286,377
step   4830/13952 | loss 1.7166 | lr 8.00e-05 | grad_norm 0.33 | tok/s 286,263
step   4840/13952 | loss 1.7192 | lr 8.00e-05 | grad_norm 0.32 | tok/s 286,303
step   4850/13952 | loss 1.7239 | lr 8.00e-05 | grad_norm 0.33 | tok/s 286,303
step   4860/13952 | loss 1.7307 | lr 8.00e-05 | grad_norm 0.33 | tok/s 286,360
step   4870/13952 | loss 1.7192 | lr 8.00e-05 | grad_norm 0.32 | tok/s 286,288
step   4880/13952 | loss 1.7386 | lr 8.00e-05 | grad_norm 0.31 | tok/s 286,217
step   4890/13952 | loss 1.7317 | lr 8.00e-05 | grad_norm 0.34 | tok/s 286,273
step   4900/13952 | loss 1.7193 | lr 8.00e-05 | grad_norm 0.33 | tok/s 286,260
step   4910/13952 | loss 1.7349 | lr 8.00e-05 | grad_norm 0.34 | tok/s 286,251
step   4920/13952 | loss 1.7299 | lr 8.00e-05 | grad_norm 0.40 | tok/s 286,369
step   4930/13952 | loss 1.7286 | lr 8.00e-05 | grad_norm 0.38 | tok/s 286,304
step   4940/13952 | loss 1.7138 | lr 8.00e-05 | grad_norm 0.33 | tok/s 286,217
step   4950/13952 | loss 1.7203 | lr 8.00e-05 | grad_norm 0.35 | tok/s 286,323
step   4960/13952 | loss 1.7177 | lr 8.00e-05 | grad_norm 0.31 | tok/s 286,454
step   4970/13952 | loss 1.7327 | lr 8.00e-05 | grad_norm 0.30 | tok/s 286,540
step   4980/13952 | loss 1.7362 | lr 8.00e-05 | grad_norm 0.32 | tok/s 286,346
step   4990/13952 | loss 1.7047 | lr 8.00e-05 | grad_norm 0.33 | tok/s 286,323
step   5000/13952 | loss 1.7226 | lr 8.00e-05 | grad_norm 0.33 | tok/s 286,328
step   5010/13952 | loss 1.7307 | lr 8.00e-05 | grad_norm 0.50 | tok/s 286,365
step   5020/13952 | loss 1.7230 | lr 8.00e-05 | grad_norm 0.44 | tok/s 286,333
step   5030/13952 | loss 1.7177 | lr 8.00e-05 | grad_norm 0.32 | tok/s 286,367
step   5040/13952 | loss 1.7197 | lr 8.00e-05 | grad_norm 0.70 | tok/s 286,434
step   5050/13952 | loss 1.7154 | lr 8.00e-05 | grad_norm 0.32 | tok/s 286,310
step   5060/13952 | loss 1.7156 | lr 8.00e-05 | grad_norm 0.32 | tok/s 286,381
step   5070/13952 | loss 1.7138 | lr 8.00e-05 | grad_norm 0.33 | tok/s 286,293
step   5080/13952 | loss 1.7131 | lr 8.00e-05 | grad_norm 0.33 | tok/s 286,428
step   5090/13952 | loss 1.7124 | lr 8.00e-05 | grad_norm 0.34 | tok/s 286,471
step   5100/13952 | loss 1.7237 | lr 8.00e-05 | grad_norm 0.33 | tok/s 286,316
step   5110/13952 | loss 1.7240 | lr 8.00e-05 | grad_norm 0.35 | tok/s 286,450
step   5120/13952 | loss 1.7418 | lr 8.00e-05 | grad_norm 0.34 | tok/s 286,374
step   5130/13952 | loss 1.7592 | lr 8.00e-05 | grad_norm 0.31 | tok/s 286,281
step   5140/13952 | loss 1.7538 | lr 8.00e-05 | grad_norm 0.33 | tok/s 286,271
step   5150/13952 | loss 1.7501 | lr 8.00e-05 | grad_norm 0.33 | tok/s 286,262
step   5160/13952 | loss 1.7534 | lr 8.00e-05 | grad_norm 0.33 | tok/s 286,358
step   5170/13952 | loss 1.7439 | lr 8.00e-05 | grad_norm 0.32 | tok/s 286,238
step   5180/13952 | loss 1.7502 | lr 8.00e-05 | grad_norm 0.33 | tok/s 286,389
step   5190/13952 | loss 1.7412 | lr 8.00e-05 | grad_norm 0.35 | tok/s 286,317
step   5200/13952 | loss 1.7414 | lr 8.00e-05 | grad_norm 0.33 | tok/s 286,313
step   5210/13952 | loss 1.7292 | lr 8.00e-05 | grad_norm 0.34 | tok/s 286,344
step   5220/13952 | loss 1.7500 | lr 8.00e-05 | grad_norm 0.36 | tok/s 286,227
step   5230/13952 | loss 1.7338 | lr 8.00e-05 | grad_norm 0.33 | tok/s 286,101
step   5240/13952 | loss 1.7536 | lr 8.00e-05 | grad_norm 0.31 | tok/s 286,227
step   5250/13952 | loss 1.7273 | lr 8.00e-05 | grad_norm 0.30 | tok/s 286,188
step   5260/13952 | loss 1.7444 | lr 8.00e-05 | grad_norm 0.32 | tok/s 286,206
step   5270/13952 | loss 1.7327 | lr 8.00e-05 | grad_norm 0.32 | tok/s 286,069
step   5280/13952 | loss 1.7297 | lr 8.00e-05 | grad_norm 0.33 | tok/s 286,152
step   5290/13952 | loss 1.7437 | lr 8.00e-05 | grad_norm 0.33 | tok/s 286,370
step   5300/13952 | loss 1.7467 | lr 8.00e-05 | grad_norm 0.33 | tok/s 286,259
step   5310/13952 | loss 1.7406 | lr 8.00e-05 | grad_norm 0.31 | tok/s 286,246
step   5320/13952 | loss 1.7388 | lr 8.00e-05 | grad_norm 0.34 | tok/s 286,153
step   5330/13952 | loss 1.7254 | lr 8.00e-05 | grad_norm 0.34 | tok/s 286,207
step   5340/13952 | loss 1.7408 | lr 8.00e-05 | grad_norm 0.33 | tok/s 286,292
step   5350/13952 | loss 1.7420 | lr 8.00e-05 | grad_norm 0.34 | tok/s 286,273
step   5360/13952 | loss 1.7432 | lr 8.00e-05 | grad_norm 0.35 | tok/s 286,270
step   5370/13952 | loss 1.7370 | lr 8.00e-05 | grad_norm 0.32 | tok/s 286,330
step   5380/13952 | loss 1.7381 | lr 8.00e-05 | grad_norm 0.32 | tok/s 286,282
step   5390/13952 | loss 1.7367 | lr 8.00e-05 | grad_norm 0.32 | tok/s 286,227
step   5400/13952 | loss 1.7459 | lr 8.00e-05 | grad_norm 0.31 | tok/s 286,263
step   5410/13952 | loss 1.7302 | lr 8.00e-05 | grad_norm 0.32 | tok/s 286,470
step   5420/13952 | loss 1.7285 | lr 8.00e-05 | grad_norm 0.31 | tok/s 286,353
step   5430/13952 | loss 1.7282 | lr 8.00e-05 | grad_norm 0.37 | tok/s 286,315
step   5440/13952 | loss 1.7469 | lr 8.00e-05 | grad_norm 0.35 | tok/s 286,376
step   5450/13952 | loss 1.7286 | lr 8.00e-05 | grad_norm 0.31 | tok/s 286,436
step   5460/13952 | loss 1.7403 | lr 8.00e-05 | grad_norm 0.31 | tok/s 286,272
step   5470/13952 | loss 1.7145 | lr 8.00e-05 | grad_norm 0.32 | tok/s 286,432
step   5480/13952 | loss 1.7353 | lr 8.00e-05 | grad_norm 0.32 | tok/s 286,275
step   5490/13952 | loss 1.7359 | lr 8.00e-05 | grad_norm 0.32 | tok/s 286,335
step   5500/13952 | loss 1.7407 | lr 8.00e-05 | grad_norm 0.34 | tok/s 286,366
step   5510/13952 | loss 1.7274 | lr 8.00e-05 | grad_norm 0.36 | tok/s 286,393
step   5520/13952 | loss 1.7399 | lr 8.00e-05 | grad_norm 0.33 | tok/s 286,345
step   5530/13952 | loss 1.7273 | lr 8.00e-05 | grad_norm 0.32 | tok/s 286,365
step   5540/13952 | loss 1.7463 | lr 8.00e-05 | grad_norm 0.32 | tok/s 286,312
step   5550/13952 | loss 1.7350 | lr 8.00e-05 | grad_norm 0.33 | tok/s 286,273
step   5560/13952 | loss 1.7402 | lr 8.00e-05 | grad_norm 0.32 | tok/s 286,352
step   5570/13952 | loss 1.7371 | lr 8.00e-05 | grad_norm 0.31 | tok/s 286,375
step   5580/13952 | loss 1.7414 | lr 8.00e-05 | grad_norm 0.31 | tok/s 286,274
step   5590/13952 | loss 1.7334 | lr 8.00e-05 | grad_norm 0.33 | tok/s 286,319
step   5600/13952 | loss 1.7308 | lr 8.00e-05 | grad_norm 0.33 | tok/s 286,319
step   5610/13952 | loss 1.7272 | lr 8.00e-05 | grad_norm 0.30 | tok/s 286,283
step   5620/13952 | loss 1.7352 | lr 8.00e-05 | grad_norm 0.31 | tok/s 286,322
step   5630/13952 | loss 1.7289 | lr 8.00e-05 | grad_norm 0.33 | tok/s 286,261
step   5640/13952 | loss 1.7326 | lr 8.00e-05 | grad_norm 0.43 | tok/s 286,234
step   5650/13952 | loss 1.7396 | lr 8.00e-05 | grad_norm 1.52 | tok/s 286,254
step   5660/13952 | loss 1.7227 | lr 8.00e-05 | grad_norm 0.32 | tok/s 286,190
step   5670/13952 | loss 1.7367 | lr 8.00e-05 | grad_norm 0.31 | tok/s 286,406
step   5680/13952 | loss 1.7341 | lr 8.00e-05 | grad_norm 0.34 | tok/s 286,301
step   5690/13952 | loss 1.7438 | lr 8.00e-05 | grad_norm 1.31 | tok/s 286,186
step   5700/13952 | loss 1.7272 | lr 8.00e-05 | grad_norm 0.33 | tok/s 286,300
step   5710/13952 | loss 1.7348 | lr 8.00e-05 | grad_norm 0.32 | tok/s 286,215
step   5720/13952 | loss 1.7194 | lr 8.00e-05 | grad_norm 0.31 | tok/s 286,282
step   5730/13952 | loss 1.7201 | lr 8.00e-05 | grad_norm 0.32 | tok/s 286,290
step   5740/13952 | loss 1.7414 | lr 8.00e-05 | grad_norm 0.33 | tok/s 286,338
step   5750/13952 | loss 1.7197 | lr 8.00e-05 | grad_norm 0.33 | tok/s 286,234
step   5760/13952 | loss 1.7390 | lr 8.00e-05 | grad_norm 0.32 | tok/s 286,326
step   5770/13952 | loss 1.7231 | lr 8.00e-05 | grad_norm 0.33 | tok/s 286,269
step   5780/13952 | loss 1.7277 | lr 8.00e-05 | grad_norm 0.32 | tok/s 286,270
step   5790/13952 | loss 1.7330 | lr 8.00e-05 | grad_norm 0.35 | tok/s 286,262
step   5800/13952 | loss 1.7471 | lr 8.00e-05 | grad_norm 0.33 | tok/s 286,274
step   5810/13952 | loss 1.7214 | lr 8.00e-05 | grad_norm 0.32 | tok/s 286,307
step   5820/13952 | loss 1.7285 | lr 8.00e-05 | grad_norm 0.34 | tok/s 286,414
step   5830/13952 | loss 1.7401 | lr 8.00e-05 | grad_norm 0.33 | tok/s 286,294
step   5840/13952 | loss 1.7213 | lr 8.00e-05 | grad_norm 0.32 | tok/s 286,342
step   5850/13952 | loss 1.7237 | lr 8.00e-05 | grad_norm 0.33 | tok/s 286,291
step   5860/13952 | loss 1.7193 | lr 8.00e-05 | grad_norm 0.32 | tok/s 286,306
step   5870/13952 | loss 1.7436 | lr 8.00e-05 | grad_norm 0.32 | tok/s 286,328
step   5880/13952 | loss 1.7238 | lr 8.00e-05 | grad_norm 0.33 | tok/s 286,395
step   5890/13952 | loss 1.7262 | lr 8.00e-05 | grad_norm 0.33 | tok/s 286,379
step   5900/13952 | loss 1.7198 | lr 8.00e-05 | grad_norm 0.32 | tok/s 286,408
step   5910/13952 | loss 1.7272 | lr 8.00e-05 | grad_norm 0.35 | tok/s 286,294
step   5920/13952 | loss 1.7287 | lr 8.00e-05 | grad_norm 0.33 | tok/s 286,329
step   5930/13952 | loss 1.7200 | lr 8.00e-05 | grad_norm 0.32 | tok/s 286,228
step   5940/13952 | loss 1.7204 | lr 8.00e-05 | grad_norm 0.32 | tok/s 286,273
step   5950/13952 | loss 1.7232 | lr 8.00e-05 | grad_norm 0.31 | tok/s 286,221
step   5960/13952 | loss 1.7188 | lr 8.00e-05 | grad_norm 0.32 | tok/s 286,467
step   5970/13952 | loss 1.7219 | lr 8.00e-05 | grad_norm 0.91 | tok/s 286,339
step   5980/13952 | loss 1.7296 | lr 8.00e-05 | grad_norm 0.33 | tok/s 286,289
step   5990/13952 | loss 1.7256 | lr 8.00e-05 | grad_norm 0.32 | tok/s 286,290
step   6000/13952 | loss 1.7344 | lr 8.00e-05 | grad_norm 0.31 | tok/s 286,283
step   6010/13952 | loss 1.7239 | lr 8.00e-05 | grad_norm 0.38 | tok/s 286,209
step   6020/13952 | loss 1.7403 | lr 8.00e-05 | grad_norm 0.34 | tok/s 286,416
step   6030/13952 | loss 1.7254 | lr 8.00e-05 | grad_norm 0.32 | tok/s 286,267
step   6040/13952 | loss 1.7247 | lr 8.00e-05 | grad_norm 0.32 | tok/s 286,218
step   6050/13952 | loss 1.7267 | lr 8.00e-05 | grad_norm 0.33 | tok/s 286,157
step   6060/13952 | loss 1.7237 | lr 8.00e-05 | grad_norm 0.35 | tok/s 286,282
step   6070/13952 | loss 1.7273 | lr 8.00e-05 | grad_norm 0.32 | tok/s 286,220
step   6080/13952 | loss 1.7247 | lr 8.00e-05 | grad_norm 0.33 | tok/s 286,231
step   6090/13952 | loss 1.7293 | lr 8.00e-05 | grad_norm 0.31 | tok/s 286,364
step   6100/13952 | loss 1.7236 | lr 8.00e-05 | grad_norm 0.32 | tok/s 286,282
step   6110/13952 | loss 1.7351 | lr 8.00e-05 | grad_norm 0.32 | tok/s 286,358
step   6120/13952 | loss 1.7238 | lr 8.00e-05 | grad_norm 0.32 | tok/s 286,273
step   6130/13952 | loss 1.7228 | lr 8.00e-05 | grad_norm 0.31 | tok/s 286,341
step   6140/13952 | loss 1.7213 | lr 8.00e-05 | grad_norm 0.32 | tok/s 286,337
step   6150/13952 | loss 1.7278 | lr 8.00e-05 | grad_norm 0.35 | tok/s 286,294
step   6160/13952 | loss 1.7337 | lr 8.00e-05 | grad_norm 0.32 | tok/s 286,461
step   6170/13952 | loss 1.7366 | lr 8.00e-05 | grad_norm 0.33 | tok/s 286,254
step   6180/13952 | loss 1.7324 | lr 8.00e-05 | grad_norm 0.34 | tok/s 286,289
step   6190/13952 | loss 1.7251 | lr 8.00e-05 | grad_norm 0.32 | tok/s 286,262
step   6200/13952 | loss 1.7236 | lr 8.00e-05 | grad_norm 0.31 | tok/s 286,221
step   6210/13952 | loss 1.7243 | lr 8.00e-05 | grad_norm 0.34 | tok/s 286,315
step   6220/13952 | loss 1.7196 | lr 8.00e-05 | grad_norm 0.33 | tok/s 286,309
step   6230/13952 | loss 1.7259 | lr 8.00e-05 | grad_norm 0.32 | tok/s 286,395
step   6240/13952 | loss 1.7351 | lr 8.00e-05 | grad_norm 0.31 | tok/s 286,364
step   6250/13952 | loss 1.7303 | lr 8.00e-05 | grad_norm 0.32 | tok/s 286,390
step   6260/13952 | loss 1.7339 | lr 8.00e-05 | grad_norm 0.35 | tok/s 286,377
step   6270/13952 | loss 1.7137 | lr 8.00e-05 | grad_norm 0.32 | tok/s 286,457
step   6280/13952 | loss 1.7236 | lr 8.00e-05 | grad_norm 0.31 | tok/s 286,389
step   6290/13952 | loss 1.7363 | lr 8.00e-05 | grad_norm 0.32 | tok/s 286,350
step   6300/13952 | loss 1.7098 | lr 8.00e-05 | grad_norm 0.32 | tok/s 286,351
step   6310/13952 | loss 1.7371 | lr 8.00e-05 | grad_norm 0.31 | tok/s 286,326
step   6320/13952 | loss 1.7187 | lr 8.00e-05 | grad_norm 0.32 | tok/s 286,253
step   6330/13952 | loss 1.7229 | lr 8.00e-05 | grad_norm 0.33 | tok/s 286,431
step   6340/13952 | loss 1.7377 | lr 8.00e-05 | grad_norm 0.32 | tok/s 286,408
step   6350/13952 | loss 1.7245 | lr 8.00e-05 | grad_norm 0.31 | tok/s 286,245
step   6360/13952 | loss 1.7236 | lr 8.00e-05 | grad_norm 0.33 | tok/s 286,259
step   6370/13952 | loss 1.7415 | lr 8.00e-05 | grad_norm 0.32 | tok/s 286,408
step   6380/13952 | loss 1.7299 | lr 8.00e-05 | grad_norm 1.05 | tok/s 286,324
step   6390/13952 | loss 1.7134 | lr 8.00e-05 | grad_norm 0.32 | tok/s 286,280
step   6400/13952 | loss 1.7390 | lr 8.00e-05 | grad_norm 0.38 | tok/s 286,386
step   6410/13952 | loss 1.7295 | lr 8.00e-05 | grad_norm 0.36 | tok/s 286,265
step   6420/13952 | loss 1.7294 | lr 8.00e-05 | grad_norm 0.34 | tok/s 286,288
step   6430/13952 | loss 1.7077 | lr 8.00e-05 | grad_norm 0.33 | tok/s 286,330
step   6440/13952 | loss 1.7559 | lr 8.00e-05 | grad_norm 0.32 | tok/s 286,352
step   6450/13952 | loss 1.7195 | lr 8.00e-05 | grad_norm 0.32 | tok/s 286,295
step   6460/13952 | loss 1.7132 | lr 8.00e-05 | grad_norm 0.52 | tok/s 286,334
step   6470/13952 | loss 1.7286 | lr 8.00e-05 | grad_norm 0.33 | tok/s 286,203
step   6480/13952 | loss 1.7156 | lr 8.00e-05 | grad_norm 0.35 | tok/s 286,344
step   6490/13952 | loss 1.7214 | lr 8.00e-05 | grad_norm 0.32 | tok/s 286,330
step   6500/13952 | loss 1.7267 | lr 8.00e-05 | grad_norm 0.33 | tok/s 286,177
step   6510/13952 | loss 1.7185 | lr 8.00e-05 | grad_norm 0.32 | tok/s 286,291
step   6520/13952 | loss 1.7050 | lr 8.00e-05 | grad_norm 0.32 | tok/s 286,288
step   6530/13952 | loss 1.7388 | lr 8.00e-05 | grad_norm 0.34 | tok/s 286,198
step   6540/13952 | loss 1.7241 | lr 8.00e-05 | grad_norm 0.34 | tok/s 286,220
step   6550/13952 | loss 1.7138 | lr 8.00e-05 | grad_norm 0.33 | tok/s 286,178
step   6560/13952 | loss 1.7126 | lr 8.00e-05 | grad_norm 0.33 | tok/s 286,249
step   6570/13952 | loss 1.7175 | lr 8.00e-05 | grad_norm 0.34 | tok/s 286,324
step   6580/13952 | loss 1.7139 | lr 8.00e-05 | grad_norm 0.34 | tok/s 286,278
step   6590/13952 | loss 1.7281 | lr 8.00e-05 | grad_norm 0.36 | tok/s 286,295
step   6600/13952 | loss 1.7232 | lr 8.00e-05 | grad_norm 0.32 | tok/s 286,261
step   6610/13952 | loss 1.7353 | lr 8.00e-05 | grad_norm 0.32 | tok/s 286,298
step   6620/13952 | loss 1.7202 | lr 8.00e-05 | grad_norm 0.34 | tok/s 286,247
step   6630/13952 | loss 1.7064 | lr 8.00e-05 | grad_norm 0.31 | tok/s 286,280
step   6640/13952 | loss 1.7212 | lr 8.00e-05 | grad_norm 0.35 | tok/s 286,238
step   6650/13952 | loss 1.7153 | lr 8.00e-05 | grad_norm 0.32 | tok/s 286,316
step   6660/13952 | loss 1.7218 | lr 8.00e-05 | grad_norm 0.32 | tok/s 286,280
step   6670/13952 | loss 1.7419 | lr 8.00e-05 | grad_norm 0.35 | tok/s 286,137
step   6680/13952 | loss 1.7095 | lr 8.00e-05 | grad_norm 0.34 | tok/s 286,184
step   6690/13952 | loss 1.7194 | lr 8.00e-05 | grad_norm 0.44 | tok/s 286,189
step   6700/13952 | loss 1.7005 | lr 8.00e-05 | grad_norm 0.32 | tok/s 286,083
step   6710/13952 | loss 1.7332 | lr 8.00e-05 | grad_norm 0.35 | tok/s 286,226
step   6720/13952 | loss 1.7182 | lr 8.00e-05 | grad_norm 0.36 | tok/s 286,225
step   6730/13952 | loss 1.7198 | lr 8.00e-05 | grad_norm 0.34 | tok/s 286,016
step   6740/13952 | loss 1.7211 | lr 8.00e-05 | grad_norm 0.64 | tok/s 286,072
step   6750/13952 | loss 1.7297 | lr 8.00e-05 | grad_norm 0.32 | tok/s 286,064
step   6760/13952 | loss 1.7192 | lr 8.00e-05 | grad_norm 0.32 | tok/s 286,272
step   6770/13952 | loss 1.7199 | lr 8.00e-05 | grad_norm 0.31 | tok/s 286,210
step   6780/13952 | loss 1.7133 | lr 8.00e-05 | grad_norm 0.34 | tok/s 286,280
step   6790/13952 | loss 1.7129 | lr 8.00e-05 | grad_norm 0.32 | tok/s 286,378
step   6800/13952 | loss 1.7174 | lr 8.00e-05 | grad_norm 0.32 | tok/s 286,312
step   6810/13952 | loss 1.7285 | lr 8.00e-05 | grad_norm 0.32 | tok/s 286,283
step   6820/13952 | loss 1.7086 | lr 8.00e-05 | grad_norm 0.33 | tok/s 286,336
step   6830/13952 | loss 1.7101 | lr 8.00e-05 | grad_norm 0.33 | tok/s 286,408
step   6840/13952 | loss 1.7149 | lr 8.00e-05 | grad_norm 0.33 | tok/s 286,295
step   6850/13952 | loss 1.7016 | lr 8.00e-05 | grad_norm 0.32 | tok/s 286,326
step   6860/13952 | loss 1.7188 | lr 8.00e-05 | grad_norm 0.34 | tok/s 286,275
step   6870/13952 | loss 1.7207 | lr 8.00e-05 | grad_norm 0.34 | tok/s 286,343
step   6880/13952 | loss 1.7321 | lr 8.00e-05 | grad_norm 0.32 | tok/s 286,240
step   6890/13952 | loss 1.7191 | lr 8.00e-05 | grad_norm 0.35 | tok/s 286,211
step   6900/13952 | loss 1.7103 | lr 8.00e-05 | grad_norm 0.33 | tok/s 286,024
step   6910/13952 | loss 1.7186 | lr 8.00e-05 | grad_norm 0.32 | tok/s 286,077
step   6920/13952 | loss 1.7218 | lr 8.00e-05 | grad_norm 0.34 | tok/s 286,035
step   6930/13952 | loss 1.6970 | lr 8.00e-05 | grad_norm 0.32 | tok/s 286,115
step   6940/13952 | loss 1.7141 | lr 8.00e-05 | grad_norm 0.32 | tok/s 286,055
step   6950/13952 | loss 1.7077 | lr 8.00e-05 | grad_norm 0.33 | tok/s 286,204
step   6960/13952 | loss 1.7067 | lr 8.00e-05 | grad_norm 0.35 | tok/s 286,238
step   6970/13952 | loss 1.7217 | lr 8.00e-05 | grad_norm 0.32 | tok/s 286,173
[ckpt] saved -> /mnt/weka/mmusayelyan/tinyllama_ct_uniform_14B/step-6976
step   6980/13952 | loss 1.7175 | lr 8.00e-05 | grad_norm 0.30 | tok/s 242,172
step   6990/13952 | loss 1.7012 | lr 8.00e-05 | grad_norm 0.32 | tok/s 286,575
step   7000/13952 | loss 1.7168 | lr 8.00e-05 | grad_norm 2.03 | tok/s 286,504
step   7010/13952 | loss 1.7051 | lr 8.00e-05 | grad_norm 0.37 | tok/s 286,305
step   7020/13952 | loss 1.7043 | lr 8.00e-05 | grad_norm 0.32 | tok/s 286,386
step   7030/13952 | loss 1.7106 | lr 8.00e-05 | grad_norm 0.32 | tok/s 286,240
step   7040/13952 | loss 1.7184 | lr 8.00e-05 | grad_norm 0.41 | tok/s 286,351
step   7050/13952 | loss 1.7111 | lr 8.00e-05 | grad_norm 0.34 | tok/s 286,246
step   7060/13952 | loss 1.6995 | lr 8.00e-05 | grad_norm 0.32 | tok/s 286,322
step   7070/13952 | loss 1.7037 | lr 8.00e-05 | grad_norm 0.33 | tok/s 286,305
step   7080/13952 | loss 1.7001 | lr 8.00e-05 | grad_norm 0.32 | tok/s 286,273
step   7090/13952 | loss 1.7107 | lr 8.00e-05 | grad_norm 0.38 | tok/s 286,124
step   7100/13952 | loss 1.7291 | lr 8.00e-05 | grad_norm 0.56 | tok/s 286,197
step   7110/13952 | loss 1.6970 | lr 8.00e-05 | grad_norm 0.32 | tok/s 286,168
step   7120/13952 | loss 1.7153 | lr 8.00e-05 | grad_norm 0.33 | tok/s 286,214
step   7130/13952 | loss 1.7195 | lr 8.00e-05 | grad_norm 0.32 | tok/s 286,150
step   7140/13952 | loss 1.7075 | lr 8.00e-05 | grad_norm 0.33 | tok/s 286,338
step   7150/13952 | loss 1.7091 | lr 8.00e-05 | grad_norm 0.72 | tok/s 286,520
step   7160/13952 | loss 1.7187 | lr 8.00e-05 | grad_norm 0.36 | tok/s 286,486
step   7170/13952 | loss 1.7202 | lr 8.00e-05 | grad_norm 0.33 | tok/s 286,490
step   7180/13952 | loss 1.7272 | lr 8.00e-05 | grad_norm 1.91 | tok/s 286,534
step   7190/13952 | loss 1.7319 | lr 8.00e-05 | grad_norm 0.36 | tok/s 286,575
step   7200/13952 | loss 1.7084 | lr 8.00e-05 | grad_norm 0.33 | tok/s 286,526
step   7210/13952 | loss 1.7147 | lr 8.00e-05 | grad_norm 0.32 | tok/s 286,530
step   7220/13952 | loss 1.7187 | lr 8.00e-05 | grad_norm 0.33 | tok/s 286,691
step   7230/13952 | loss 1.7192 | lr 8.00e-05 | grad_norm 0.59 | tok/s 286,570
step   7240/13952 | loss 1.7286 | lr 8.00e-05 | grad_norm 0.32 | tok/s 286,547
step   7250/13952 | loss 1.7248 | lr 8.00e-05 | grad_norm 0.31 | tok/s 286,622
step   7260/13952 | loss 1.7193 | lr 8.00e-05 | grad_norm 0.31 | tok/s 286,615
step   7270/13952 | loss 1.7246 | lr 8.00e-05 | grad_norm 0.34 | tok/s 286,668
step   7280/13952 | loss 1.7242 | lr 8.00e-05 | grad_norm 0.33 | tok/s 286,647
step   7290/13952 | loss 1.7166 | lr 8.00e-05 | grad_norm 0.32 | tok/s 286,594
step   7300/13952 | loss 1.7153 | lr 8.00e-05 | grad_norm 0.32 | tok/s 286,575
step   7310/13952 | loss 1.7232 | lr 8.00e-05 | grad_norm 0.33 | tok/s 286,718
step   7320/13952 | loss 1.7298 | lr 8.00e-05 | grad_norm 0.35 | tok/s 286,627
step   7330/13952 | loss 1.7248 | lr 8.00e-05 | grad_norm 0.31 | tok/s 286,653
step   7340/13952 | loss 1.7270 | lr 8.00e-05 | grad_norm 0.31 | tok/s 286,526
step   7350/13952 | loss 1.7236 | lr 8.00e-05 | grad_norm 0.37 | tok/s 286,706
step   7360/13952 | loss 1.7306 | lr 8.00e-05 | grad_norm 0.33 | tok/s 286,784
step   7370/13952 | loss 1.7186 | lr 8.00e-05 | grad_norm 0.31 | tok/s 286,714
step   7380/13952 | loss 1.7192 | lr 8.00e-05 | grad_norm 0.39 | tok/s 286,852
step   7390/13952 | loss 1.7195 | lr 8.00e-05 | grad_norm 0.34 | tok/s 286,674
step   7400/13952 | loss 1.7152 | lr 8.00e-05 | grad_norm 0.34 | tok/s 286,614
step   7410/13952 | loss 1.7250 | lr 8.00e-05 | grad_norm 0.33 | tok/s 286,577
step   7420/13952 | loss 1.7387 | lr 8.00e-05 | grad_norm 2.48 | tok/s 286,580
step   7430/13952 | loss 1.7137 | lr 8.00e-05 | grad_norm 0.40 | tok/s 286,500
step   7440/13952 | loss 1.7216 | lr 8.00e-05 | grad_norm 0.32 | tok/s 286,600
step   7450/13952 | loss 1.7303 | lr 8.00e-05 | grad_norm 0.32 | tok/s 286,632
step   7460/13952 | loss 1.7403 | lr 8.00e-05 | grad_norm 0.34 | tok/s 286,582
step   7470/13952 | loss 1.7099 | lr 8.00e-05 | grad_norm 0.32 | tok/s 286,492
step   7480/13952 | loss 1.7064 | lr 8.00e-05 | grad_norm 0.34 | tok/s 286,475
step   7490/13952 | loss 1.7204 | lr 8.00e-05 | grad_norm 0.38 | tok/s 286,553
step   7500/13952 | loss 1.7195 | lr 8.00e-05 | grad_norm 0.33 | tok/s 286,526
step   7510/13952 | loss 1.7120 | lr 8.00e-05 | grad_norm 0.32 | tok/s 286,445
step   7520/13952 | loss 1.7324 | lr 8.00e-05 | grad_norm 0.44 | tok/s 286,461
step   7530/13952 | loss 1.7124 | lr 8.00e-05 | grad_norm 0.34 | tok/s 286,442
step   7540/13952 | loss 1.7238 | lr 8.00e-05 | grad_norm 0.40 | tok/s 286,512
step   7550/13952 | loss 1.7025 | lr 8.00e-05 | grad_norm 0.36 | tok/s 286,463
step   7560/13952 | loss 1.7028 | lr 8.00e-05 | grad_norm 0.33 | tok/s 286,465
step   7570/13952 | loss 1.7107 | lr 8.00e-05 | grad_norm 0.33 | tok/s 286,551
step   7580/13952 | loss 1.7151 | lr 8.00e-05 | grad_norm 0.43 | tok/s 286,608
step   7590/13952 | loss 1.7059 | lr 8.00e-05 | grad_norm 0.38 | tok/s 286,545
step   7600/13952 | loss 1.7146 | lr 8.00e-05 | grad_norm 0.31 | tok/s 286,400
step   7610/13952 | loss 1.7144 | lr 8.00e-05 | grad_norm 0.33 | tok/s 286,328
step   7620/13952 | loss 1.7125 | lr 8.00e-05 | grad_norm 0.33 | tok/s 286,378
step   7630/13952 | loss 1.7125 | lr 8.00e-05 | grad_norm 0.33 | tok/s 286,414
step   7640/13952 | loss 1.7189 | lr 8.00e-05 | grad_norm 0.34 | tok/s 286,327
step   7650/13952 | loss 1.7116 | lr 8.00e-05 | grad_norm 0.33 | tok/s 286,353
step   7660/13952 | loss 1.7147 | lr 8.00e-05 | grad_norm 0.33 | tok/s 286,411
step   7670/13952 | loss 1.7024 | lr 8.00e-05 | grad_norm 0.32 | tok/s 286,467
step   7680/13952 | loss 1.7113 | lr 8.00e-05 | grad_norm 0.31 | tok/s 286,372
step   7690/13952 | loss 1.7144 | lr 8.00e-05 | grad_norm 0.33 | tok/s 286,548
step   7700/13952 | loss 1.7159 | lr 8.00e-05 | grad_norm 0.35 | tok/s 286,431
step   7710/13952 | loss 1.7185 | lr 8.00e-05 | grad_norm 0.32 | tok/s 286,476
step   7720/13952 | loss 1.7040 | lr 8.00e-05 | grad_norm 0.33 | tok/s 286,572
step   7730/13952 | loss 1.7237 | lr 8.00e-05 | grad_norm 0.36 | tok/s 286,501
step   7740/13952 | loss 1.7238 | lr 8.00e-05 | grad_norm 0.33 | tok/s 286,546
step   7750/13952 | loss 1.7099 | lr 8.00e-05 | grad_norm 0.32 | tok/s 286,607
step   7760/13952 | loss 1.7084 | lr 8.00e-05 | grad_norm 0.33 | tok/s 286,556
step   7770/13952 | loss 1.7164 | lr 8.00e-05 | grad_norm 0.34 | tok/s 286,605
step   7780/13952 | loss 1.6982 | lr 8.00e-05 | grad_norm 0.36 | tok/s 286,492
step   7790/13952 | loss 1.7219 | lr 8.00e-05 | grad_norm 0.32 | tok/s 286,539
step   7800/13952 | loss 1.7089 | lr 8.00e-05 | grad_norm 0.35 | tok/s 286,566
step   7810/13952 | loss 1.7131 | lr 8.00e-05 | grad_norm 0.33 | tok/s 286,425
step   7820/13952 | loss 1.7023 | lr 8.00e-05 | grad_norm 0.32 | tok/s 286,492
step   7830/13952 | loss 1.7097 | lr 8.00e-05 | grad_norm 0.34 | tok/s 286,542
step   7840/13952 | loss 1.7081 | lr 8.00e-05 | grad_norm 0.35 | tok/s 286,374
step   7850/13952 | loss 1.7198 | lr 8.00e-05 | grad_norm 0.36 | tok/s 286,531
step   7860/13952 | loss 1.7076 | lr 8.00e-05 | grad_norm 0.36 | tok/s 286,453
step   7870/13952 | loss 1.7245 | lr 8.00e-05 | grad_norm 0.34 | tok/s 286,578
step   7880/13952 | loss 1.6928 | lr 8.00e-05 | grad_norm 0.31 | tok/s 286,473
step   7890/13952 | loss 1.7150 | lr 8.00e-05 | grad_norm 0.36 | tok/s 286,456
step   7900/13952 | loss 1.7075 | lr 8.00e-05 | grad_norm 0.35 | tok/s 286,467
step   7910/13952 | loss 1.7104 | lr 8.00e-05 | grad_norm 0.37 | tok/s 286,462
step   7920/13952 | loss 1.7009 | lr 8.00e-05 | grad_norm 0.33 | tok/s 286,537
step   7930/13952 | loss 1.7098 | lr 8.00e-05 | grad_norm 0.33 | tok/s 286,389
step   7940/13952 | loss 1.7234 | lr 8.00e-05 | grad_norm 0.34 | tok/s 286,283
step   7950/13952 | loss 1.7197 | lr 8.00e-05 | grad_norm 0.34 | tok/s 286,465
step   7960/13952 | loss 1.7210 | lr 8.00e-05 | grad_norm 0.35 | tok/s 286,540
step   7970/13952 | loss 1.7182 | lr 8.00e-05 | grad_norm 0.35 | tok/s 286,477
step   7980/13952 | loss 1.7150 | lr 8.00e-05 | grad_norm 0.33 | tok/s 286,399
step   7990/13952 | loss 1.7042 | lr 8.00e-05 | grad_norm 0.31 | tok/s 286,454
step   8000/13952 | loss 1.7100 | lr 8.00e-05 | grad_norm 0.32 | tok/s 286,370
step   8010/13952 | loss 1.7057 | lr 8.00e-05 | grad_norm 0.33 | tok/s 286,491
step   8020/13952 | loss 1.7072 | lr 8.00e-05 | grad_norm 0.33 | tok/s 286,411
step   8030/13952 | loss 1.7001 | lr 8.00e-05 | grad_norm 0.33 | tok/s 286,370
step   8040/13952 | loss 1.6945 | lr 8.00e-05 | grad_norm 0.33 | tok/s 286,293
step   8050/13952 | loss 1.7134 | lr 8.00e-05 | grad_norm 0.34 | tok/s 286,523
step   8060/13952 | loss 1.7066 | lr 8.00e-05 | grad_norm 0.34 | tok/s 286,388
step   8070/13952 | loss 1.7165 | lr 8.00e-05 | grad_norm 0.36 | tok/s 286,531
step   8080/13952 | loss 1.7055 | lr 8.00e-05 | grad_norm 0.32 | tok/s 286,477
step   8090/13952 | loss 1.7153 | lr 8.00e-05 | grad_norm 0.34 | tok/s 286,497
step   8100/13952 | loss 1.7091 | lr 8.00e-05 | grad_norm 0.34 | tok/s 286,503
step   8110/13952 | loss 1.7122 | lr 8.00e-05 | grad_norm 0.32 | tok/s 286,535
step   8120/13952 | loss 1.7031 | lr 8.00e-05 | grad_norm 0.39 | tok/s 286,530
step   8130/13952 | loss 1.7075 | lr 8.00e-05 | grad_norm 0.33 | tok/s 286,444
step   8140/13952 | loss 1.7150 | lr 8.00e-05 | grad_norm 0.33 | tok/s 286,451
step   8150/13952 | loss 1.7028 | lr 8.00e-05 | grad_norm 0.34 | tok/s 286,385
step   8160/13952 | loss 1.7157 | lr 8.00e-05 | grad_norm 0.41 | tok/s 286,512
step   8170/13952 | loss 1.7003 | lr 8.00e-05 | grad_norm 0.33 | tok/s 286,384
step   8180/13952 | loss 1.7025 | lr 8.00e-05 | grad_norm 0.32 | tok/s 286,477
step   8190/13952 | loss 1.7057 | lr 8.00e-05 | grad_norm 0.33 | tok/s 286,479
step   8200/13952 | loss 1.7191 | lr 8.00e-05 | grad_norm 0.34 | tok/s 286,495
step   8210/13952 | loss 1.7145 | lr 8.00e-05 | grad_norm 0.35 | tok/s 286,416
step   8220/13952 | loss 1.7114 | lr 8.00e-05 | grad_norm 0.33 | tok/s 286,480
step   8230/13952 | loss 1.7130 | lr 8.00e-05 | grad_norm 0.34 | tok/s 286,513
step   8240/13952 | loss 1.7069 | lr 8.00e-05 | grad_norm 0.37 | tok/s 286,459
step   8250/13952 | loss 1.7139 | lr 8.00e-05 | grad_norm 0.33 | tok/s 286,581
step   8260/13952 | loss 1.7256 | lr 8.00e-05 | grad_norm 0.48 | tok/s 286,481
step   8270/13952 | loss 1.7088 | lr 8.00e-05 | grad_norm 0.33 | tok/s 286,497
step   8280/13952 | loss 1.7027 | lr 8.00e-05 | grad_norm 0.36 | tok/s 286,582
step   8290/13952 | loss 1.7034 | lr 8.00e-05 | grad_norm 0.33 | tok/s 286,549
step   8300/13952 | loss 1.7140 | lr 8.00e-05 | grad_norm 0.32 | tok/s 286,639
step   8310/13952 | loss 1.7161 | lr 8.00e-05 | grad_norm 0.33 | tok/s 286,610
step   8320/13952 | loss 1.7147 | lr 8.00e-05 | grad_norm 0.33 | tok/s 286,641
step   8330/13952 | loss 1.7104 | lr 8.00e-05 | grad_norm 0.33 | tok/s 286,553
step   8340/13952 | loss 1.7069 | lr 8.00e-05 | grad_norm 0.35 | tok/s 286,668
step   8350/13952 | loss 1.7059 | lr 8.00e-05 | grad_norm 0.33 | tok/s 286,453
step   8360/13952 | loss 1.7079 | lr 8.00e-05 | grad_norm 0.34 | tok/s 286,400
step   8370/13952 | loss 1.7036 | lr 8.00e-05 | grad_norm 0.55 | tok/s 286,444
step   8380/13952 | loss 1.7033 | lr 8.00e-05 | grad_norm 0.36 | tok/s 286,498
step   8390/13952 | loss 1.7081 | lr 8.00e-05 | grad_norm 0.33 | tok/s 286,463
step   8400/13952 | loss 1.7103 | lr 8.00e-05 | grad_norm 0.32 | tok/s 286,512
step   8410/13952 | loss 1.6995 | lr 8.00e-05 | grad_norm 0.34 | tok/s 286,398
step   8420/13952 | loss 1.7079 | lr 8.00e-05 | grad_norm 0.33 | tok/s 286,413
step   8430/13952 | loss 1.7172 | lr 8.00e-05 | grad_norm 0.33 | tok/s 286,394
step   8440/13952 | loss 1.6970 | lr 8.00e-05 | grad_norm 0.32 | tok/s 286,467
step   8450/13952 | loss 1.7153 | lr 8.00e-05 | grad_norm 0.33 | tok/s 286,490
step   8460/13952 | loss 1.7098 | lr 8.00e-05 | grad_norm 0.33 | tok/s 286,531
step   8470/13952 | loss 1.7097 | lr 8.00e-05 | grad_norm 0.32 | tok/s 286,404
step   8480/13952 | loss 1.7013 | lr 8.00e-05 | grad_norm 0.34 | tok/s 286,465
step   8490/13952 | loss 1.7008 | lr 8.00e-05 | grad_norm 0.32 | tok/s 286,432
step   8500/13952 | loss 1.7098 | lr 8.00e-05 | grad_norm 0.36 | tok/s 286,560
step   8510/13952 | loss 1.6972 | lr 8.00e-05 | grad_norm 0.32 | tok/s 286,519
step   8520/13952 | loss 1.6903 | lr 8.00e-05 | grad_norm 0.32 | tok/s 286,477
step   8530/13952 | loss 1.7099 | lr 8.00e-05 | grad_norm 0.33 | tok/s 286,462
step   8540/13952 | loss 1.7148 | lr 8.00e-05 | grad_norm 0.35 | tok/s 286,459
step   8550/13952 | loss 1.7079 | lr 8.00e-05 | grad_norm 0.34 | tok/s 286,502
step   8560/13952 | loss 1.6892 | lr 8.00e-05 | grad_norm 0.51 | tok/s 286,529
step   8570/13952 | loss 1.6992 | lr 8.00e-05 | grad_norm 0.35 | tok/s 286,460
step   8580/13952 | loss 1.6893 | lr 8.00e-05 | grad_norm 0.32 | tok/s 286,571
step   8590/13952 | loss 1.6993 | lr 8.00e-05 | grad_norm 0.33 | tok/s 286,506
step   8600/13952 | loss 1.7039 | lr 8.00e-05 | grad_norm 0.39 | tok/s 286,483
step   8610/13952 | loss 1.6894 | lr 8.00e-05 | grad_norm 0.35 | tok/s 286,514
step   8620/13952 | loss 1.6954 | lr 8.00e-05 | grad_norm 0.32 | tok/s 286,603
step   8630/13952 | loss 1.7030 | lr 8.00e-05 | grad_norm 0.32 | tok/s 286,505
step   8640/13952 | loss 1.6993 | lr 8.00e-05 | grad_norm 0.33 | tok/s 286,546
step   8650/13952 | loss 1.7052 | lr 8.00e-05 | grad_norm 0.33 | tok/s 286,562
step   8660/13952 | loss 1.7056 | lr 8.00e-05 | grad_norm 0.33 | tok/s 286,514
step   8670/13952 | loss 1.7094 | lr 8.00e-05 | grad_norm 0.34 | tok/s 286,540
step   8680/13952 | loss 1.6957 | lr 8.00e-05 | grad_norm 0.35 | tok/s 286,595
step   8690/13952 | loss 1.7071 | lr 8.00e-05 | grad_norm 0.33 | tok/s 286,579
step   8700/13952 | loss 1.7071 | lr 8.00e-05 | grad_norm 0.35 | tok/s 286,594
step   8710/13952 | loss 1.7049 | lr 8.00e-05 | grad_norm 0.32 | tok/s 286,574
step   8720/13952 | loss 1.7040 | lr 8.00e-05 | grad_norm 0.34 | tok/s 286,459
step   8730/13952 | loss 1.7087 | lr 8.00e-05 | grad_norm 0.66 | tok/s 286,681
step   8740/13952 | loss 1.7049 | lr 8.00e-05 | grad_norm 0.33 | tok/s 286,639
step   8750/13952 | loss 1.7199 | lr 8.00e-05 | grad_norm 0.32 | tok/s 286,606
step   8760/13952 | loss 1.6935 | lr 8.00e-05 | grad_norm 0.34 | tok/s 286,394
step   8770/13952 | loss 1.7012 | lr 8.00e-05 | grad_norm 0.31 | tok/s 286,471
step   8780/13952 | loss 1.7078 | lr 8.00e-05 | grad_norm 0.34 | tok/s 286,403
step   8790/13952 | loss 1.6982 | lr 8.00e-05 | grad_norm 0.31 | tok/s 286,325
step   8800/13952 | loss 1.6926 | lr 8.00e-05 | grad_norm 0.34 | tok/s 286,327
step   8810/13952 | loss 1.7023 | lr 8.00e-05 | grad_norm 0.34 | tok/s 286,256
step   8820/13952 | loss 1.6846 | lr 8.00e-05 | grad_norm 0.33 | tok/s 286,333
step   8830/13952 | loss 1.7027 | lr 8.00e-05 | grad_norm 0.32 | tok/s 286,296
step   8840/13952 | loss 1.6952 | lr 8.00e-05 | grad_norm 0.35 | tok/s 286,324
step   8850/13952 | loss 1.7081 | lr 8.00e-05 | grad_norm 0.34 | tok/s 286,286
step   8860/13952 | loss 1.7026 | lr 8.00e-05 | grad_norm 0.36 | tok/s 286,360
step   8870/13952 | loss 1.7098 | lr 8.00e-05 | grad_norm 0.32 | tok/s 286,277
step   8880/13952 | loss 1.7001 | lr 8.00e-05 | grad_norm 0.33 | tok/s 286,366
step   8890/13952 | loss 1.7010 | lr 8.00e-05 | grad_norm 0.34 | tok/s 286,341
step   8900/13952 | loss 1.6905 | lr 8.00e-05 | grad_norm 0.37 | tok/s 286,251
step   8910/13952 | loss 1.6909 | lr 8.00e-05 | grad_norm 0.34 | tok/s 286,375
step   8920/13952 | loss 1.7039 | lr 8.00e-05 | grad_norm 0.31 | tok/s 286,264
step   8930/13952 | loss 1.6878 | lr 8.00e-05 | grad_norm 0.32 | tok/s 286,301
step   8940/13952 | loss 1.7068 | lr 8.00e-05 | grad_norm 0.33 | tok/s 286,428
step   8950/13952 | loss 1.7118 | lr 8.00e-05 | grad_norm 0.35 | tok/s 286,563
step   8960/13952 | loss 1.6949 | lr 8.00e-05 | grad_norm 0.32 | tok/s 286,554
step   8970/13952 | loss 1.7138 | lr 8.00e-05 | grad_norm 0.34 | tok/s 286,521
step   8980/13952 | loss 1.7063 | lr 8.00e-05 | grad_norm 0.33 | tok/s 286,513
step   8990/13952 | loss 1.7158 | lr 8.00e-05 | grad_norm 0.44 | tok/s 286,401
step   9000/13952 | loss 1.6969 | lr 8.00e-05 | grad_norm 0.33 | tok/s 286,393
step   9010/13952 | loss 1.7054 | lr 8.00e-05 | grad_norm 0.34 | tok/s 286,505
step   9020/13952 | loss 1.7019 | lr 8.00e-05 | grad_norm 0.38 | tok/s 286,516
step   9030/13952 | loss 1.6889 | lr 8.00e-05 | grad_norm 0.34 | tok/s 286,460
step   9040/13952 | loss 1.6943 | lr 8.00e-05 | grad_norm 0.34 | tok/s 286,535
step   9050/13952 | loss 1.6794 | lr 8.00e-05 | grad_norm 0.33 | tok/s 286,501
step   9060/13952 | loss 1.7010 | lr 8.00e-05 | grad_norm 0.33 | tok/s 286,398
step   9070/13952 | loss 1.7061 | lr 8.00e-05 | grad_norm 0.46 | tok/s 286,541
step   9080/13952 | loss 1.7047 | lr 8.00e-05 | grad_norm 0.33 | tok/s 286,496
step   9090/13952 | loss 1.7033 | lr 8.00e-05 | grad_norm 0.34 | tok/s 286,387
step   9100/13952 | loss 1.7085 | lr 8.00e-05 | grad_norm 0.33 | tok/s 286,565
step   9110/13952 | loss 1.7046 | lr 8.00e-05 | grad_norm 0.33 | tok/s 286,435
step   9120/13952 | loss 1.6972 | lr 8.00e-05 | grad_norm 0.33 | tok/s 286,478
step   9130/13952 | loss 1.7010 | lr 8.00e-05 | grad_norm 0.33 | tok/s 286,495
step   9140/13952 | loss 1.6906 | lr 8.00e-05 | grad_norm 0.33 | tok/s 286,380
step   9150/13952 | loss 1.6942 | lr 8.00e-05 | grad_norm 0.33 | tok/s 286,386
step   9160/13952 | loss 1.6937 | lr 8.00e-05 | grad_norm 0.36 | tok/s 286,447
step   9170/13952 | loss 1.6945 | lr 8.00e-05 | grad_norm 0.34 | tok/s 286,414
step   9180/13952 | loss 1.6927 | lr 8.00e-05 | grad_norm 0.33 | tok/s 286,511
step   9190/13952 | loss 1.6975 | lr 8.00e-05 | grad_norm 0.32 | tok/s 286,480
step   9200/13952 | loss 1.6873 | lr 8.00e-05 | grad_norm 0.33 | tok/s 286,499
step   9210/13952 | loss 1.6935 | lr 8.00e-05 | grad_norm 0.33 | tok/s 286,627
step   9220/13952 | loss 1.7070 | lr 8.00e-05 | grad_norm 0.33 | tok/s 286,625
step   9230/13952 | loss 1.7088 | lr 8.00e-05 | grad_norm 0.34 | tok/s 286,473
step   9240/13952 | loss 1.7084 | lr 8.00e-05 | grad_norm 0.33 | tok/s 286,652
step   9250/13952 | loss 1.7055 | lr 8.00e-05 | grad_norm 0.34 | tok/s 286,565
step   9260/13952 | loss 1.7012 | lr 8.00e-05 | grad_norm 0.33 | tok/s 286,541
step   9270/13952 | loss 1.7061 | lr 8.00e-05 | grad_norm 0.33 | tok/s 286,417
step   9280/13952 | loss 1.7122 | lr 8.00e-05 | grad_norm 0.34 | tok/s 286,465
step   9290/13952 | loss 1.7070 | lr 8.00e-05 | grad_norm 0.33 | tok/s 286,478
step   9300/13952 | loss 1.7154 | lr 8.00e-05 | grad_norm 0.34 | tok/s 286,512
step   9310/13952 | loss 1.7025 | lr 8.00e-05 | grad_norm 0.42 | tok/s 286,407
step   9320/13952 | loss 1.6933 | lr 8.00e-05 | grad_norm 0.35 | tok/s 286,549
step   9330/13952 | loss 1.6938 | lr 8.00e-05 | grad_norm 0.34 | tok/s 286,592
step   9340/13952 | loss 1.6916 | lr 8.00e-05 | grad_norm 0.33 | tok/s 286,609
step   9350/13952 | loss 1.6883 | lr 8.00e-05 | grad_norm 0.31 | tok/s 286,558
step   9360/13952 | loss 1.6803 | lr 8.00e-05 | grad_norm 0.34 | tok/s 286,532
step   9370/13952 | loss 1.7050 | lr 8.00e-05 | grad_norm 0.36 | tok/s 286,634
step   9380/13952 | loss 1.6920 | lr 8.00e-05 | grad_norm 0.34 | tok/s 286,679
step   9390/13952 | loss 1.7057 | lr 8.00e-05 | grad_norm 0.53 | tok/s 286,635
step   9400/13952 | loss 1.7165 | lr 8.00e-05 | grad_norm 0.32 | tok/s 286,527
step   9410/13952 | loss 1.7029 | lr 8.00e-05 | grad_norm 0.34 | tok/s 286,485
step   9420/13952 | loss 1.6874 | lr 8.00e-05 | grad_norm 0.34 | tok/s 286,620
step   9430/13952 | loss 1.7079 | lr 8.00e-05 | grad_norm 0.33 | tok/s 286,643
step   9440/13952 | loss 1.7032 | lr 8.00e-05 | grad_norm 0.33 | tok/s 286,537
step   9450/13952 | loss 1.6901 | lr 8.00e-05 | grad_norm 0.33 | tok/s 286,510
step   9460/13952 | loss 1.7036 | lr 8.00e-05 | grad_norm 0.34 | tok/s 286,542
step   9470/13952 | loss 1.6878 | lr 8.00e-05 | grad_norm 0.32 | tok/s 286,545
step   9480/13952 | loss 1.6963 | lr 8.00e-05 | grad_norm 0.32 | tok/s 286,530
step   9490/13952 | loss 1.6961 | lr 8.00e-05 | grad_norm 0.34 | tok/s 286,509
step   9500/13952 | loss 1.7026 | lr 8.00e-05 | grad_norm 0.34 | tok/s 286,466
step   9510/13952 | loss 1.6970 | lr 8.00e-05 | grad_norm 0.34 | tok/s 286,386
step   9520/13952 | loss 1.6933 | lr 8.00e-05 | grad_norm 0.31 | tok/s 286,626
step   9530/13952 | loss 1.6986 | lr 8.00e-05 | grad_norm 0.33 | tok/s 286,469
step   9540/13952 | loss 1.6884 | lr 8.00e-05 | grad_norm 0.33 | tok/s 286,411
step   9550/13952 | loss 1.6995 | lr 8.00e-05 | grad_norm 0.33 | tok/s 286,351
step   9560/13952 | loss 1.7078 | lr 8.00e-05 | grad_norm 0.35 | tok/s 286,266
step   9570/13952 | loss 1.7019 | lr 8.00e-05 | grad_norm 0.34 | tok/s 286,342
step   9580/13952 | loss 1.7037 | lr 8.00e-05 | grad_norm 0.34 | tok/s 286,509
step   9590/13952 | loss 1.6930 | lr 8.00e-05 | grad_norm 0.33 | tok/s 286,441
step   9600/13952 | loss 1.6928 | lr 8.00e-05 | grad_norm 0.35 | tok/s 286,486
step   9610/13952 | loss 1.6976 | lr 8.00e-05 | grad_norm 0.36 | tok/s 286,491
step   9620/13952 | loss 1.6847 | lr 8.00e-05 | grad_norm 0.35 | tok/s 286,543
step   9630/13952 | loss 1.6864 | lr 8.00e-05 | grad_norm 0.34 | tok/s 286,641
step   9640/13952 | loss 1.6957 | lr 8.00e-05 | grad_norm 0.33 | tok/s 286,568
step   9650/13952 | loss 1.6955 | lr 8.00e-05 | grad_norm 0.51 | tok/s 286,602
step   9660/13952 | loss 1.6758 | lr 8.00e-05 | grad_norm 0.33 | tok/s 286,645
step   9670/13952 | loss 1.6942 | lr 8.00e-05 | grad_norm 0.32 | tok/s 286,610
step   9680/13952 | loss 1.6964 | lr 8.00e-05 | grad_norm 0.33 | tok/s 286,532
step   9690/13952 | loss 1.6883 | lr 8.00e-05 | grad_norm 0.34 | tok/s 286,603
step   9700/13952 | loss 1.6970 | lr 8.00e-05 | grad_norm 0.36 | tok/s 286,714
step   9710/13952 | loss 1.6940 | lr 8.00e-05 | grad_norm 0.34 | tok/s 286,660
step   9720/13952 | loss 1.6889 | lr 8.00e-05 | grad_norm 0.33 | tok/s 286,675
step   9730/13952 | loss 1.7051 | lr 8.00e-05 | grad_norm 0.33 | tok/s 286,619
step   9740/13952 | loss 1.6749 | lr 8.00e-05 | grad_norm 0.35 | tok/s 286,612
step   9750/13952 | loss 1.6986 | lr 8.00e-05 | grad_norm 0.33 | tok/s 286,630
step   9760/13952 | loss 1.6830 | lr 8.00e-05 | grad_norm 0.37 | tok/s 286,630
step   9770/13952 | loss 1.6966 | lr 8.00e-05 | grad_norm 0.33 | tok/s 286,726
step   9780/13952 | loss 1.6787 | lr 8.00e-05 | grad_norm 0.32 | tok/s 286,594
step   9790/13952 | loss 1.6753 | lr 8.00e-05 | grad_norm 0.34 | tok/s 286,535
step   9800/13952 | loss 1.6949 | lr 8.00e-05 | grad_norm 0.33 | tok/s 286,776
step   9810/13952 | loss 1.6937 | lr 8.00e-05 | grad_norm 0.35 | tok/s 286,612
step   9820/13952 | loss 1.6933 | lr 8.00e-05 | grad_norm 0.35 | tok/s 286,589
step   9830/13952 | loss 1.6905 | lr 8.00e-05 | grad_norm 0.32 | tok/s 286,612
step   9840/13952 | loss 1.6948 | lr 8.00e-05 | grad_norm 0.33 | tok/s 286,632
step   9850/13952 | loss 1.7012 | lr 8.00e-05 | grad_norm 0.34 | tok/s 286,662
step   9860/13952 | loss 1.6907 | lr 8.00e-05 | grad_norm 0.33 | tok/s 286,627
step   9870/13952 | loss 1.6907 | lr 8.00e-05 | grad_norm 0.33 | tok/s 286,619
step   9880/13952 | loss 1.6902 | lr 8.00e-05 | grad_norm 0.36 | tok/s 286,609
step   9890/13952 | loss 1.6944 | lr 8.00e-05 | grad_norm 0.34 | tok/s 286,556
step   9900/13952 | loss 1.6920 | lr 8.00e-05 | grad_norm 0.34 | tok/s 286,676
step   9910/13952 | loss 1.6813 | lr 8.00e-05 | grad_norm 0.35 | tok/s 286,593
step   9920/13952 | loss 1.6774 | lr 8.00e-05 | grad_norm 0.32 | tok/s 286,446
step   9930/13952 | loss 1.6812 | lr 8.00e-05 | grad_norm 0.35 | tok/s 286,555
step   9940/13952 | loss 1.6864 | lr 8.00e-05 | grad_norm 0.33 | tok/s 286,671
step   9950/13952 | loss 1.6868 | lr 8.00e-05 | grad_norm 0.34 | tok/s 286,404
step   9960/13952 | loss 1.6835 | lr 8.00e-05 | grad_norm 0.64 | tok/s 286,633
step   9970/13952 | loss 1.6845 | lr 8.00e-05 | grad_norm 0.37 | tok/s 286,573
step   9980/13952 | loss 1.6945 | lr 8.00e-05 | grad_norm 0.33 | tok/s 286,574
step   9990/13952 | loss 1.7008 | lr 8.00e-05 | grad_norm 0.33 | tok/s 286,556
step  10000/13952 | loss 1.6911 | lr 8.00e-05 | grad_norm 0.32 | tok/s 286,566
step  10010/13952 | loss 1.6791 | lr 8.00e-05 | grad_norm 0.34 | tok/s 286,581
step  10020/13952 | loss 1.6897 | lr 8.00e-05 | grad_norm 0.33 | tok/s 286,575
step  10030/13952 | loss 1.7022 | lr 8.00e-05 | grad_norm 0.32 | tok/s 286,626
step  10040/13952 | loss 1.6789 | lr 8.00e-05 | grad_norm 0.33 | tok/s 286,592
step  10050/13952 | loss 1.6828 | lr 8.00e-05 | grad_norm 0.34 | tok/s 286,529
step  10060/13952 | loss 1.6864 | lr 8.00e-05 | grad_norm 0.36 | tok/s 286,479
step  10070/13952 | loss 1.6917 | lr 8.00e-05 | grad_norm 0.33 | tok/s 286,396
step  10080/13952 | loss 1.6908 | lr 8.00e-05 | grad_norm 0.35 | tok/s 286,337
step  10090/13952 | loss 1.6896 | lr 8.00e-05 | grad_norm 0.33 | tok/s 286,344
step  10100/13952 | loss 1.6985 | lr 8.00e-05 | grad_norm 0.36 | tok/s 286,267
step  10110/13952 | loss 1.6986 | lr 8.00e-05 | grad_norm 0.46 | tok/s 286,405
step  10120/13952 | loss 1.6856 | lr 8.00e-05 | grad_norm 0.34 | tok/s 286,391
step  10130/13952 | loss 1.6802 | lr 8.00e-05 | grad_norm 0.34 | tok/s 286,362
step  10140/13952 | loss 1.6911 | lr 8.00e-05 | grad_norm 0.34 | tok/s 286,425
step  10150/13952 | loss 1.6973 | lr 8.00e-05 | grad_norm 0.38 | tok/s 286,508
step  10160/13952 | loss 1.6922 | lr 8.00e-05 | grad_norm 0.33 | tok/s 286,593
step  10170/13952 | loss 1.6998 | lr 8.00e-05 | grad_norm 0.34 | tok/s 286,519
step  10180/13952 | loss 1.6995 | lr 8.00e-05 | grad_norm 0.33 | tok/s 286,565
step  10190/13952 | loss 1.6765 | lr 8.00e-05 | grad_norm 0.34 | tok/s 286,523
step  10200/13952 | loss 1.6825 | lr 8.00e-05 | grad_norm 0.34 | tok/s 286,631
step  10210/13952 | loss 1.6898 | lr 8.00e-05 | grad_norm 0.35 | tok/s 286,567
step  10220/13952 | loss 1.6818 | lr 8.00e-05 | grad_norm 0.33 | tok/s 286,590
step  10230/13952 | loss 1.6792 | lr 8.00e-05 | grad_norm 0.36 | tok/s 286,558
step  10240/13952 | loss 1.6959 | lr 8.00e-05 | grad_norm 0.34 | tok/s 286,571
step  10250/13952 | loss 1.6933 | lr 8.00e-05 | grad_norm 0.41 | tok/s 286,641
step  10260/13952 | loss 1.7057 | lr 8.00e-05 | grad_norm 0.34 | tok/s 286,586
step  10270/13952 | loss 1.6897 | lr 8.00e-05 | grad_norm 0.34 | tok/s 286,614
step  10280/13952 | loss 1.7067 | lr 8.00e-05 | grad_norm 0.36 | tok/s 286,527
step  10290/13952 | loss 1.6961 | lr 8.00e-05 | grad_norm 0.34 | tok/s 286,521
step  10300/13952 | loss 1.6970 | lr 8.00e-05 | grad_norm 0.33 | tok/s 286,380
step  10310/13952 | loss 1.6940 | lr 8.00e-05 | grad_norm 0.36 | tok/s 286,516
step  10320/13952 | loss 1.7000 | lr 8.00e-05 | grad_norm 0.33 | tok/s 286,578
step  10330/13952 | loss 1.6720 | lr 8.00e-05 | grad_norm 0.34 | tok/s 286,469
step  10340/13952 | loss 1.6938 | lr 8.00e-05 | grad_norm 0.34 | tok/s 286,437
step  10350/13952 | loss 1.6796 | lr 8.00e-05 | grad_norm 0.34 | tok/s 286,561
step  10360/13952 | loss 1.7086 | lr 8.00e-05 | grad_norm 0.35 | tok/s 286,636
step  10370/13952 | loss 1.6814 | lr 8.00e-05 | grad_norm 0.33 | tok/s 286,591
step  10380/13952 | loss 1.6775 | lr 8.00e-05 | grad_norm 0.33 | tok/s 286,604
step  10390/13952 | loss 1.6992 | lr 8.00e-05 | grad_norm 0.34 | tok/s 286,531
step  10400/13952 | loss 1.6951 | lr 8.00e-05 | grad_norm 0.36 | tok/s 286,600
step  10410/13952 | loss 1.6904 | lr 8.00e-05 | grad_norm 0.32 | tok/s 286,333
step  10420/13952 | loss 1.6920 | lr 8.00e-05 | grad_norm 0.43 | tok/s 286,571
step  10430/13952 | loss 1.6873 | lr 8.00e-05 | grad_norm 0.33 | tok/s 286,557
step  10440/13952 | loss 1.6917 | lr 8.00e-05 | grad_norm 0.34 | tok/s 286,645
step  10450/13952 | loss 1.6920 | lr 8.00e-05 | grad_norm 0.35 | tok/s 286,661
step  10460/13952 | loss 1.6782 | lr 8.00e-05 | grad_norm 0.32 | tok/s 286,630
step  10470/13952 | loss 1.6886 | lr 8.00e-05 | grad_norm 0.32 | tok/s 286,370
step  10480/13952 | loss 1.6815 | lr 8.00e-05 | grad_norm 0.35 | tok/s 286,607
step  10490/13952 | loss 1.6845 | lr 8.00e-05 | grad_norm 0.34 | tok/s 286,280
step  10500/13952 | loss 1.6824 | lr 8.00e-05 | grad_norm 0.33 | tok/s 286,682
step  10510/13952 | loss 1.6795 | lr 8.00e-05 | grad_norm 0.33 | tok/s 286,650
step  10520/13952 | loss 1.6932 | lr 8.00e-05 | grad_norm 0.34 | tok/s 286,729
step  10530/13952 | loss 1.6854 | lr 8.00e-05 | grad_norm 0.33 | tok/s 286,684
step  10540/13952 | loss 1.6774 | lr 8.00e-05 | grad_norm 0.32 | tok/s 286,519
step  10550/13952 | loss 1.6943 | lr 8.00e-05 | grad_norm 0.35 | tok/s 286,561
step  10560/13952 | loss 1.6784 | lr 8.00e-05 | grad_norm 0.36 | tok/s 286,570
step  10570/13952 | loss 1.6734 | lr 8.00e-05 | grad_norm 0.34 | tok/s 286,560
step  10580/13952 | loss 1.6800 | lr 8.00e-05 | grad_norm 0.34 | tok/s 286,671
step  10590/13952 | loss 1.6932 | lr 8.00e-05 | grad_norm 0.32 | tok/s 286,627
step  10600/13952 | loss 1.6961 | lr 8.00e-05 | grad_norm 0.33 | tok/s 286,528
step  10610/13952 | loss 1.6840 | lr 8.00e-05 | grad_norm 0.35 | tok/s 286,600
step  10620/13952 | loss 1.6841 | lr 8.00e-05 | grad_norm 0.35 | tok/s 286,598
step  10630/13952 | loss 1.6925 | lr 8.00e-05 | grad_norm 0.40 | tok/s 286,446
step  10640/13952 | loss 1.6936 | lr 8.00e-05 | grad_norm 0.36 | tok/s 286,476
step  10650/13952 | loss 1.6984 | lr 8.00e-05 | grad_norm 0.34 | tok/s 286,554
step  10660/13952 | loss 1.6773 | lr 8.00e-05 | grad_norm 0.36 | tok/s 286,543
step  10670/13952 | loss 1.6798 | lr 8.00e-05 | grad_norm 0.36 | tok/s 286,564
step  10680/13952 | loss 1.6949 | lr 8.00e-05 | grad_norm 0.34 | tok/s 286,588
step  10690/13952 | loss 1.6993 | lr 8.00e-05 | grad_norm 0.33 | tok/s 286,569
step  10700/13952 | loss 1.6835 | lr 8.00e-05 | grad_norm 0.34 | tok/s 286,584
step  10710/13952 | loss 1.6766 | lr 8.00e-05 | grad_norm 0.32 | tok/s 286,507
step  10720/13952 | loss 1.6908 | lr 8.00e-05 | grad_norm 0.34 | tok/s 286,600
step  10730/13952 | loss 1.6964 | lr 8.00e-05 | grad_norm 0.35 | tok/s 286,550
step  10740/13952 | loss 1.6840 | lr 8.00e-05 | grad_norm 0.38 | tok/s 286,701
step  10750/13952 | loss 1.6737 | lr 8.00e-05 | grad_norm 0.36 | tok/s 286,616
step  10760/13952 | loss 1.6763 | lr 8.00e-05 | grad_norm 0.36 | tok/s 286,556
step  10770/13952 | loss 1.6630 | lr 8.00e-05 | grad_norm 0.36 | tok/s 286,545
step  10780/13952 | loss 1.6849 | lr 8.00e-05 | grad_norm 0.35 | tok/s 286,589
step  10790/13952 | loss 1.6784 | lr 8.00e-05 | grad_norm 0.32 | tok/s 286,655
step  10800/13952 | loss 1.6953 | lr 8.00e-05 | grad_norm 0.35 | tok/s 286,662
step  10810/13952 | loss 1.6807 | lr 8.00e-05 | grad_norm 0.33 | tok/s 286,611
step  10820/13952 | loss 1.6944 | lr 8.00e-05 | grad_norm 0.35 | tok/s 286,518
step  10830/13952 | loss 1.6810 | lr 8.00e-05 | grad_norm 0.32 | tok/s 286,507
step  10840/13952 | loss 1.6860 | lr 8.00e-05 | grad_norm 0.34 | tok/s 286,595
step  10850/13952 | loss 1.6844 | lr 8.00e-05 | grad_norm 0.33 | tok/s 286,566
step  10860/13952 | loss 1.6855 | lr 8.00e-05 | grad_norm 0.34 | tok/s 286,685
step  10870/13952 | loss 1.6848 | lr 8.00e-05 | grad_norm 0.39 | tok/s 286,656
step  10880/13952 | loss 1.6952 | lr 8.00e-05 | grad_norm 0.33 | tok/s 286,595
step  10890/13952 | loss 1.6820 | lr 8.00e-05 | grad_norm 0.34 | tok/s 286,686
step  10900/13952 | loss 1.7055 | lr 8.00e-05 | grad_norm 0.31 | tok/s 286,663
step  10910/13952 | loss 1.6893 | lr 8.00e-05 | grad_norm 0.33 | tok/s 286,653
step  10920/13952 | loss 1.6883 | lr 8.00e-05 | grad_norm 0.35 | tok/s 286,538
step  10930/13952 | loss 1.6904 | lr 8.00e-05 | grad_norm 0.37 | tok/s 286,569
step  10940/13952 | loss 1.6823 | lr 8.00e-05 | grad_norm 0.34 | tok/s 286,570
step  10950/13952 | loss 1.6875 | lr 8.00e-05 | grad_norm 0.35 | tok/s 286,619
step  10960/13952 | loss 1.6823 | lr 8.00e-05 | grad_norm 0.35 | tok/s 286,495
step  10970/13952 | loss 1.6741 | lr 8.00e-05 | grad_norm 0.35 | tok/s 286,559
step  10980/13952 | loss 1.6880 | lr 8.00e-05 | grad_norm 0.34 | tok/s 286,490
step  10990/13952 | loss 1.6754 | lr 8.00e-05 | grad_norm 0.34 | tok/s 286,567
step  11000/13952 | loss 1.6764 | lr 8.00e-05 | grad_norm 0.34 | tok/s 286,536
step  11010/13952 | loss 1.6836 | lr 8.00e-05 | grad_norm 0.32 | tok/s 286,461
step  11020/13952 | loss 1.6910 | lr 8.00e-05 | grad_norm 0.33 | tok/s 286,576
step  11030/13952 | loss 1.6877 | lr 8.00e-05 | grad_norm 0.38 | tok/s 286,607
step  11040/13952 | loss 1.6798 | lr 8.00e-05 | grad_norm 0.34 | tok/s 286,537
step  11050/13952 | loss 1.6711 | lr 8.00e-05 | grad_norm 0.33 | tok/s 286,570
step  11060/13952 | loss 1.6824 | lr 8.00e-05 | grad_norm 0.32 | tok/s 286,618
step  11070/13952 | loss 1.6937 | lr 8.00e-05 | grad_norm 0.33 | tok/s 286,662
step  11080/13952 | loss 1.6835 | lr 8.00e-05 | grad_norm 0.36 | tok/s 286,604
step  11090/13952 | loss 1.7003 | lr 8.00e-05 | grad_norm 0.35 | tok/s 286,482
step  11100/13952 | loss 1.6813 | lr 8.00e-05 | grad_norm 0.35 | tok/s 286,436
step  11110/13952 | loss 1.6770 | lr 8.00e-05 | grad_norm 0.35 | tok/s 286,474
step  11120/13952 | loss 1.6704 | lr 8.00e-05 | grad_norm 0.34 | tok/s 286,672
step  11130/13952 | loss 1.6684 | lr 8.00e-05 | grad_norm 0.36 | tok/s 286,471
step  11140/13952 | loss 1.6858 | lr 8.00e-05 | grad_norm 0.34 | tok/s 286,631
step  11150/13952 | loss 1.6927 | lr 8.00e-05 | grad_norm 0.34 | tok/s 286,555
step  11160/13952 | loss 1.6680 | lr 8.00e-05 | grad_norm 0.36 | tok/s 286,568
step  11170/13952 | loss 1.6765 | lr 8.00e-05 | grad_norm 0.36 | tok/s 286,607
step  11180/13952 | loss 1.6763 | lr 8.00e-05 | grad_norm 0.34 | tok/s 286,543
step  11190/13952 | loss 1.6862 | lr 8.00e-05 | grad_norm 0.33 | tok/s 286,497
step  11200/13952 | loss 1.6760 | lr 8.00e-05 | grad_norm 0.34 | tok/s 286,600
step  11210/13952 | loss 1.7012 | lr 8.00e-05 | grad_norm 0.34 | tok/s 286,487
step  11220/13952 | loss 1.6862 | lr 8.00e-05 | grad_norm 0.36 | tok/s 286,524
step  11230/13952 | loss 1.6746 | lr 8.00e-05 | grad_norm 0.34 | tok/s 286,495
step  11240/13952 | loss 1.6776 | lr 8.00e-05 | grad_norm 0.35 | tok/s 286,625
step  11250/13952 | loss 1.6759 | lr 8.00e-05 | grad_norm 0.35 | tok/s 286,409
step  11260/13952 | loss 1.6881 | lr 8.00e-05 | grad_norm 0.36 | tok/s 286,584
step  11270/13952 | loss 1.6837 | lr 8.00e-05 | grad_norm 0.35 | tok/s 286,617
step  11280/13952 | loss 1.7046 | lr 8.00e-05 | grad_norm 0.36 | tok/s 286,596
step  11290/13952 | loss 1.6919 | lr 8.00e-05 | grad_norm 0.35 | tok/s 286,528
step  11300/13952 | loss 1.6871 | lr 8.00e-05 | grad_norm 0.35 | tok/s 286,485
step  11310/13952 | loss 1.6803 | lr 8.00e-05 | grad_norm 0.34 | tok/s 286,593
step  11320/13952 | loss 1.7101 | lr 8.00e-05 | grad_norm 0.32 | tok/s 286,506
step  11330/13952 | loss 1.6912 | lr 8.00e-05 | grad_norm 0.36 | tok/s 286,654
step  11340/13952 | loss 1.6970 | lr 8.00e-05 | grad_norm 0.35 | tok/s 286,567
step  11350/13952 | loss 1.6769 | lr 8.00e-05 | grad_norm 0.37 | tok/s 286,582
step  11360/13952 | loss 1.6826 | lr 8.00e-05 | grad_norm 0.32 | tok/s 286,600
step  11370/13952 | loss 1.6907 | lr 8.00e-05 | grad_norm 0.32 | tok/s 286,660
step  11380/13952 | loss 1.6849 | lr 8.00e-05 | grad_norm 0.36 | tok/s 286,655
step  11390/13952 | loss 1.6874 | lr 8.00e-05 | grad_norm 0.34 | tok/s 286,573
step  11400/13952 | loss 1.6941 | lr 8.00e-05 | grad_norm 0.34 | tok/s 286,606
step  11410/13952 | loss 1.6766 | lr 8.00e-05 | grad_norm 0.35 | tok/s 286,438
step  11420/13952 | loss 1.6739 | lr 8.00e-05 | grad_norm 0.34 | tok/s 286,335
step  11430/13952 | loss 1.6742 | lr 8.00e-05 | grad_norm 0.35 | tok/s 286,307
step  11440/13952 | loss 1.6966 | lr 8.00e-05 | grad_norm 0.34 | tok/s 286,284
step  11450/13952 | loss 1.6952 | lr 8.00e-05 | grad_norm 0.34 | tok/s 286,253
step  11460/13952 | loss 1.6739 | lr 8.00e-05 | grad_norm 0.35 | tok/s 286,368
step  11470/13952 | loss 1.6945 | lr 7.99e-05 | grad_norm 0.35 | tok/s 286,444
step  11480/13952 | loss 1.7007 | lr 7.99e-05 | grad_norm 0.35 | tok/s 286,489
step  11490/13952 | loss 1.6838 | lr 7.99e-05 | grad_norm 0.33 | tok/s 286,474
step  11500/13952 | loss 1.7048 | lr 7.98e-05 | grad_norm 0.34 | tok/s 286,430
step  11510/13952 | loss 1.6966 | lr 7.98e-05 | grad_norm 0.35 | tok/s 286,418
step  11520/13952 | loss 1.6796 | lr 7.97e-05 | grad_norm 0.36 | tok/s 286,396
step  11530/13952 | loss 1.6821 | lr 7.97e-05 | grad_norm 0.33 | tok/s 286,580
step  11540/13952 | loss 1.6868 | lr 7.96e-05 | grad_norm 0.34 | tok/s 286,539
step  11550/13952 | loss 1.6829 | lr 7.95e-05 | grad_norm 0.36 | tok/s 286,655
step  11560/13952 | loss 1.6789 | lr 7.94e-05 | grad_norm 0.34 | tok/s 286,576
step  11570/13952 | loss 1.6848 | lr 7.94e-05 | grad_norm 0.35 | tok/s 286,638
step  11580/13952 | loss 1.6797 | lr 7.93e-05 | grad_norm 0.34 | tok/s 286,591
step  11590/13952 | loss 1.6754 | lr 7.92e-05 | grad_norm 0.36 | tok/s 286,648
step  11600/13952 | loss 1.6770 | lr 7.91e-05 | grad_norm 0.32 | tok/s 286,583
step  11610/13952 | loss 1.6754 | lr 7.90e-05 | grad_norm 0.32 | tok/s 286,749
step  11620/13952 | loss 1.6851 | lr 7.89e-05 | grad_norm 0.32 | tok/s 286,742
step  11630/13952 | loss 1.7007 | lr 7.88e-05 | grad_norm 0.34 | tok/s 286,675
step  11640/13952 | loss 1.6832 | lr 7.86e-05 | grad_norm 0.35 | tok/s 286,542
step  11650/13952 | loss 1.6961 | lr 7.85e-05 | grad_norm 0.36 | tok/s 286,586
step  11660/13952 | loss 1.6727 | lr 7.84e-05 | grad_norm 0.33 | tok/s 286,578
step  11670/13952 | loss 1.6823 | lr 7.83e-05 | grad_norm 0.34 | tok/s 286,622
step  11680/13952 | loss 1.6908 | lr 7.81e-05 | grad_norm 0.34 | tok/s 286,582
step  11690/13952 | loss 1.6812 | lr 7.80e-05 | grad_norm 0.34 | tok/s 286,596
step  11700/13952 | loss 1.6801 | lr 7.78e-05 | grad_norm 0.35 | tok/s 286,495
step  11710/13952 | loss 1.6710 | lr 7.77e-05 | grad_norm 0.35 | tok/s 286,648
step  11720/13952 | loss 1.6800 | lr 7.75e-05 | grad_norm 0.38 | tok/s 286,552
step  11730/13952 | loss 1.6982 | lr 7.73e-05 | grad_norm 0.33 | tok/s 286,524
step  11740/13952 | loss 1.6795 | lr 7.72e-05 | grad_norm 0.33 | tok/s 286,481
step  11750/13952 | loss 1.6664 | lr 7.70e-05 | grad_norm 0.32 | tok/s 286,590
step  11760/13952 | loss 1.6813 | lr 7.68e-05 | grad_norm 0.33 | tok/s 286,655
step  11770/13952 | loss 1.6874 | lr 7.66e-05 | grad_norm 0.36 | tok/s 286,583
step  11780/13952 | loss 1.6764 | lr 7.64e-05 | grad_norm 0.35 | tok/s 286,514
step  11790/13952 | loss 1.6870 | lr 7.62e-05 | grad_norm 0.34 | tok/s 286,567
step  11800/13952 | loss 1.6829 | lr 7.60e-05 | grad_norm 0.34 | tok/s 286,501
step  11810/13952 | loss 1.6831 | lr 7.58e-05 | grad_norm 0.35 | tok/s 286,613
step  11820/13952 | loss 1.6832 | lr 7.56e-05 | grad_norm 0.36 | tok/s 286,681
step  11830/13952 | loss 1.6798 | lr 7.54e-05 | grad_norm 0.34 | tok/s 286,465
step  11840/13952 | loss 1.6789 | lr 7.52e-05 | grad_norm 0.33 | tok/s 286,601
step  11850/13952 | loss 1.6822 | lr 7.50e-05 | grad_norm 0.37 | tok/s 286,484
step  11860/13952 | loss 1.6801 | lr 7.47e-05 | grad_norm 0.33 | tok/s 286,508
step  11870/13952 | loss 1.6793 | lr 7.45e-05 | grad_norm 0.34 | tok/s 286,558
step  11880/13952 | loss 1.6754 | lr 7.43e-05 | grad_norm 0.35 | tok/s 286,600
step  11890/13952 | loss 1.6809 | lr 7.40e-05 | grad_norm 0.34 | tok/s 286,586
step  11900/13952 | loss 1.6767 | lr 7.38e-05 | grad_norm 0.36 | tok/s 286,618
step  11910/13952 | loss 1.6872 | lr 7.35e-05 | grad_norm 0.35 | tok/s 286,479
step  11920/13952 | loss 1.6739 | lr 7.33e-05 | grad_norm 0.32 | tok/s 286,491
step  11930/13952 | loss 1.6812 | lr 7.30e-05 | grad_norm 0.34 | tok/s 286,570
step  11940/13952 | loss 1.6839 | lr 7.27e-05 | grad_norm 0.32 | tok/s 286,496
step  11950/13952 | loss 1.6794 | lr 7.24e-05 | grad_norm 0.33 | tok/s 286,554
step  11960/13952 | loss 1.6654 | lr 7.22e-05 | grad_norm 0.33 | tok/s 286,524
step  11970/13952 | loss 1.6747 | lr 7.19e-05 | grad_norm 0.35 | tok/s 286,604
step  11980/13952 | loss 1.6676 | lr 7.16e-05 | grad_norm 0.34 | tok/s 286,551
step  11990/13952 | loss 1.6697 | lr 7.13e-05 | grad_norm 0.33 | tok/s 286,498
step  12000/13952 | loss 1.6657 | lr 7.10e-05 | grad_norm 0.33 | tok/s 286,633
step  12010/13952 | loss 1.6725 | lr 7.07e-05 | grad_norm 0.32 | tok/s 286,681
step  12020/13952 | loss 1.6750 | lr 7.04e-05 | grad_norm 0.33 | tok/s 286,534
step  12030/13952 | loss 1.6730 | lr 7.01e-05 | grad_norm 0.34 | tok/s 286,594
step  12040/13952 | loss 1.6737 | lr 6.98e-05 | grad_norm 0.36 | tok/s 286,556
step  12050/13952 | loss 1.6802 | lr 6.95e-05 | grad_norm 0.34 | tok/s 286,491
step  12060/13952 | loss 1.6748 | lr 6.92e-05 | grad_norm 0.34 | tok/s 286,655
step  12070/13952 | loss 1.6757 | lr 6.89e-05 | grad_norm 0.34 | tok/s 286,620
step  12080/13952 | loss 1.6691 | lr 6.85e-05 | grad_norm 0.35 | tok/s 286,701
step  12090/13952 | loss 1.6717 | lr 6.82e-05 | grad_norm 0.32 | tok/s 286,545
step  12100/13952 | loss 1.6806 | lr 6.79e-05 | grad_norm 0.31 | tok/s 286,646
step  12110/13952 | loss 1.6704 | lr 6.75e-05 | grad_norm 0.82 | tok/s 286,618
step  12120/13952 | loss 1.6727 | lr 6.72e-05 | grad_norm 0.33 | tok/s 286,727
step  12130/13952 | loss 1.6761 | lr 6.69e-05 | grad_norm 0.33 | tok/s 286,641
step  12140/13952 | loss 1.6822 | lr 6.65e-05 | grad_norm 0.39 | tok/s 286,585
step  12150/13952 | loss 1.6639 | lr 6.62e-05 | grad_norm 0.32 | tok/s 286,600
step  12160/13952 | loss 1.6905 | lr 6.58e-05 | grad_norm 0.33 | tok/s 286,624
step  12170/13952 | loss 1.6682 | lr 6.55e-05 | grad_norm 0.32 | tok/s 286,643
step  12180/13952 | loss 1.6610 | lr 6.51e-05 | grad_norm 0.33 | tok/s 286,656
step  12190/13952 | loss 1.6724 | lr 6.47e-05 | grad_norm 0.31 | tok/s 286,725
step  12200/13952 | loss 1.6771 | lr 6.44e-05 | grad_norm 0.33 | tok/s 286,640
step  12210/13952 | loss 1.6613 | lr 6.40e-05 | grad_norm 0.34 | tok/s 286,629
step  12220/13952 | loss 1.6706 | lr 6.36e-05 | grad_norm 0.34 | tok/s 286,639
step  12230/13952 | loss 1.6679 | lr 6.32e-05 | grad_norm 0.33 | tok/s 286,472
step  12240/13952 | loss 1.6542 | lr 6.29e-05 | grad_norm 0.32 | tok/s 286,595
step  12250/13952 | loss 1.6759 | lr 6.25e-05 | grad_norm 0.37 | tok/s 286,407
step  12260/13952 | loss 1.6638 | lr 6.21e-05 | grad_norm 0.35 | tok/s 286,418
step  12270/13952 | loss 1.6792 | lr 6.17e-05 | grad_norm 0.33 | tok/s 286,446
step  12280/13952 | loss 1.6808 | lr 6.13e-05 | grad_norm 0.32 | tok/s 286,287
step  12290/13952 | loss 1.6707 | lr 6.09e-05 | grad_norm 0.33 | tok/s 286,465
step  12300/13952 | loss 1.6695 | lr 6.05e-05 | grad_norm 0.32 | tok/s 286,491
step  12310/13952 | loss 1.6671 | lr 6.01e-05 | grad_norm 0.32 | tok/s 286,472
step  12320/13952 | loss 1.6745 | lr 5.97e-05 | grad_norm 0.33 | tok/s 286,571
step  12330/13952 | loss 1.6680 | lr 5.93e-05 | grad_norm 0.31 | tok/s 286,620
step  12340/13952 | loss 1.6784 | lr 5.89e-05 | grad_norm 0.33 | tok/s 286,493
step  12350/13952 | loss 1.6757 | lr 5.85e-05 | grad_norm 0.32 | tok/s 286,433
step  12360/13952 | loss 1.6843 | lr 5.81e-05 | grad_norm 0.32 | tok/s 286,431
step  12370/13952 | loss 1.6685 | lr 5.77e-05 | grad_norm 0.34 | tok/s 286,335
step  12380/13952 | loss 1.6569 | lr 5.73e-05 | grad_norm 0.31 | tok/s 286,379
step  12390/13952 | loss 1.6697 | lr 5.69e-05 | grad_norm 0.46 | tok/s 286,341
step  12400/13952 | loss 1.6940 | lr 5.65e-05 | grad_norm 0.36 | tok/s 286,520
step  12410/13952 | loss 1.6670 | lr 5.60e-05 | grad_norm 0.32 | tok/s 286,265
step  12420/13952 | loss 1.6738 | lr 5.56e-05 | grad_norm 0.32 | tok/s 286,400
step  12430/13952 | loss 1.6675 | lr 5.52e-05 | grad_norm 0.30 | tok/s 286,413
step  12440/13952 | loss 1.6804 | lr 5.48e-05 | grad_norm 0.35 | tok/s 286,445
step  12450/13952 | loss 1.6762 | lr 5.43e-05 | grad_norm 0.33 | tok/s 286,394
step  12460/13952 | loss 1.6633 | lr 5.39e-05 | grad_norm 0.38 | tok/s 286,437
step  12470/13952 | loss 1.6765 | lr 5.35e-05 | grad_norm 0.31 | tok/s 286,539
step  12480/13952 | loss 1.6658 | lr 5.31e-05 | grad_norm 0.31 | tok/s 286,545
step  12490/13952 | loss 1.6699 | lr 5.26e-05 | grad_norm 0.31 | tok/s 286,530
step  12500/13952 | loss 1.6625 | lr 5.22e-05 | grad_norm 0.31 | tok/s 286,548
step  12510/13952 | loss 1.6910 | lr 5.17e-05 | grad_norm 0.38 | tok/s 286,509
step  12520/13952 | loss 1.6828 | lr 5.13e-05 | grad_norm 0.30 | tok/s 286,651
step  12530/13952 | loss 1.6680 | lr 5.09e-05 | grad_norm 0.34 | tok/s 286,649
step  12540/13952 | loss 1.6830 | lr 5.04e-05 | grad_norm 0.32 | tok/s 286,598
step  12550/13952 | loss 1.6583 | lr 5.00e-05 | grad_norm 0.30 | tok/s 286,718
step  12560/13952 | loss 1.6717 | lr 4.96e-05 | grad_norm 0.31 | tok/s 286,592
step  12570/13952 | loss 1.6676 | lr 4.91e-05 | grad_norm 0.32 | tok/s 286,579
step  12580/13952 | loss 1.6733 | lr 4.87e-05 | grad_norm 0.31 | tok/s 286,531
step  12590/13952 | loss 1.6790 | lr 4.82e-05 | grad_norm 0.32 | tok/s 286,617
step  12600/13952 | loss 1.6726 | lr 4.78e-05 | grad_norm 0.31 | tok/s 286,579
step  12610/13952 | loss 1.6625 | lr 4.73e-05 | grad_norm 0.32 | tok/s 286,481
step  12620/13952 | loss 1.6769 | lr 4.69e-05 | grad_norm 0.31 | tok/s 286,686
step  12630/13952 | loss 1.6675 | lr 4.65e-05 | grad_norm 0.31 | tok/s 286,655
step  12640/13952 | loss 1.6788 | lr 4.60e-05 | grad_norm 0.34 | tok/s 286,611
step  12650/13952 | loss 1.6687 | lr 4.56e-05 | grad_norm 0.31 | tok/s 286,547
step  12660/13952 | loss 1.6701 | lr 4.51e-05 | grad_norm 0.32 | tok/s 286,741
step  12670/13952 | loss 1.6584 | lr 4.47e-05 | grad_norm 0.32 | tok/s 286,660
step  12680/13952 | loss 1.6716 | lr 4.42e-05 | grad_norm 0.30 | tok/s 286,559
step  12690/13952 | loss 1.6546 | lr 4.38e-05 | grad_norm 0.30 | tok/s 286,606
step  12700/13952 | loss 1.6583 | lr 4.33e-05 | grad_norm 0.30 | tok/s 286,551
step  12710/13952 | loss 1.6676 | lr 4.29e-05 | grad_norm 0.31 | tok/s 286,535
step  12720/13952 | loss 1.6519 | lr 4.24e-05 | grad_norm 0.29 | tok/s 286,636
step  12730/13952 | loss 1.6654 | lr 4.20e-05 | grad_norm 0.31 | tok/s 286,574
step  12740/13952 | loss 1.6616 | lr 4.15e-05 | grad_norm 0.29 | tok/s 286,549
step  12750/13952 | loss 1.6588 | lr 4.11e-05 | grad_norm 0.31 | tok/s 286,543
step  12760/13952 | loss 1.6713 | lr 4.07e-05 | grad_norm 0.32 | tok/s 286,566
step  12770/13952 | loss 1.6637 | lr 4.02e-05 | grad_norm 0.30 | tok/s 286,541
step  12780/13952 | loss 1.6650 | lr 3.98e-05 | grad_norm 0.30 | tok/s 286,710
step  12790/13952 | loss 1.6738 | lr 3.93e-05 | grad_norm 0.30 | tok/s 286,579
step  12800/13952 | loss 1.6620 | lr 3.89e-05 | grad_norm 0.30 | tok/s 286,587
step  12810/13952 | loss 1.6583 | lr 3.84e-05 | grad_norm 0.30 | tok/s 286,504
step  12820/13952 | loss 1.6545 | lr 3.80e-05 | grad_norm 0.30 | tok/s 286,528
step  12830/13952 | loss 1.6565 | lr 3.76e-05 | grad_norm 0.31 | tok/s 286,592
step  12840/13952 | loss 1.6681 | lr 3.71e-05 | grad_norm 0.29 | tok/s 286,460
step  12850/13952 | loss 1.6465 | lr 3.67e-05 | grad_norm 0.30 | tok/s 286,603
step  12860/13952 | loss 1.6607 | lr 3.63e-05 | grad_norm 0.29 | tok/s 286,648
step  12870/13952 | loss 1.6585 | lr 3.58e-05 | grad_norm 0.32 | tok/s 286,535
step  12880/13952 | loss 1.6613 | lr 3.54e-05 | grad_norm 0.29 | tok/s 286,426
step  12890/13952 | loss 1.6692 | lr 3.49e-05 | grad_norm 0.29 | tok/s 286,487
step  12900/13952 | loss 1.6554 | lr 3.45e-05 | grad_norm 0.29 | tok/s 286,487
step  12910/13952 | loss 1.6611 | lr 3.41e-05 | grad_norm 0.29 | tok/s 286,538
step  12920/13952 | loss 1.6620 | lr 3.37e-05 | grad_norm 0.31 | tok/s 286,489
step  12930/13952 | loss 1.6678 | lr 3.32e-05 | grad_norm 0.32 | tok/s 286,495
step  12940/13952 | loss 1.6707 | lr 3.28e-05 | grad_norm 0.29 | tok/s 286,385
step  12950/13952 | loss 1.6558 | lr 3.24e-05 | grad_norm 0.29 | tok/s 286,567
step  12960/13952 | loss 1.6570 | lr 3.20e-05 | grad_norm 0.29 | tok/s 286,365
step  12970/13952 | loss 1.6622 | lr 3.15e-05 | grad_norm 0.30 | tok/s 286,568
step  12980/13952 | loss 1.6664 | lr 3.11e-05 | grad_norm 0.29 | tok/s 286,533
step  12990/13952 | loss 1.6623 | lr 3.07e-05 | grad_norm 0.30 | tok/s 286,523
step  13000/13952 | loss 1.6539 | lr 3.03e-05 | grad_norm 0.30 | tok/s 286,592
step  13010/13952 | loss 1.6623 | lr 2.99e-05 | grad_norm 0.30 | tok/s 286,490
step  13020/13952 | loss 1.6532 | lr 2.95e-05 | grad_norm 0.30 | tok/s 286,579
step  13030/13952 | loss 1.6673 | lr 2.91e-05 | grad_norm 0.29 | tok/s 286,513
step  13040/13952 | loss 1.6572 | lr 2.87e-05 | grad_norm 0.29 | tok/s 286,542
step  13050/13952 | loss 1.6594 | lr 2.83e-05 | grad_norm 0.30 | tok/s 286,551
step  13060/13952 | loss 1.6598 | lr 2.79e-05 | grad_norm 0.29 | tok/s 286,664
step  13070/13952 | loss 1.6665 | lr 2.75e-05 | grad_norm 0.29 | tok/s 286,595
step  13080/13952 | loss 1.6737 | lr 2.71e-05 | grad_norm 0.29 | tok/s 286,447
step  13090/13952 | loss 1.6602 | lr 2.67e-05 | grad_norm 0.30 | tok/s 286,587
step  13100/13952 | loss 1.6559 | lr 2.63e-05 | grad_norm 0.29 | tok/s 286,512
step  13110/13952 | loss 1.6531 | lr 2.59e-05 | grad_norm 0.28 | tok/s 286,609
step  13120/13952 | loss 1.6714 | lr 2.55e-05 | grad_norm 0.64 | tok/s 286,611
step  13130/13952 | loss 1.6673 | lr 2.51e-05 | grad_norm 0.30 | tok/s 286,570
step  13140/13952 | loss 1.6538 | lr 2.48e-05 | grad_norm 0.29 | tok/s 286,636
step  13150/13952 | loss 1.6660 | lr 2.44e-05 | grad_norm 0.30 | tok/s 286,582
step  13160/13952 | loss 1.6556 | lr 2.40e-05 | grad_norm 0.29 | tok/s 286,656
step  13170/13952 | loss 1.6710 | lr 2.36e-05 | grad_norm 0.30 | tok/s 286,617
step  13180/13952 | loss 1.6604 | lr 2.33e-05 | grad_norm 0.29 | tok/s 286,566
step  13190/13952 | loss 1.6672 | lr 2.29e-05 | grad_norm 0.29 | tok/s 286,541
step  13200/13952 | loss 1.6481 | lr 2.25e-05 | grad_norm 0.29 | tok/s 286,538
step  13210/13952 | loss 1.6555 | lr 2.22e-05 | grad_norm 0.28 | tok/s 286,579
step  13220/13952 | loss 1.6741 | lr 2.18e-05 | grad_norm 0.29 | tok/s 286,488
step  13230/13952 | loss 1.6645 | lr 2.15e-05 | grad_norm 0.30 | tok/s 286,526
step  13240/13952 | loss 1.6623 | lr 2.11e-05 | grad_norm 0.29 | tok/s 286,582
step  13250/13952 | loss 1.6481 | lr 2.08e-05 | grad_norm 0.29 | tok/s 286,568
step  13260/13952 | loss 1.6592 | lr 2.05e-05 | grad_norm 0.30 | tok/s 286,550
step  13270/13952 | loss 1.6593 | lr 2.01e-05 | grad_norm 0.28 | tok/s 286,510
step  13280/13952 | loss 1.6610 | lr 1.98e-05 | grad_norm 0.29 | tok/s 286,511
step  13290/13952 | loss 1.6632 | lr 1.95e-05 | grad_norm 0.29 | tok/s 286,477
step  13300/13952 | loss 1.6510 | lr 1.91e-05 | grad_norm 0.29 | tok/s 286,589
step  13310/13952 | loss 1.6482 | lr 1.88e-05 | grad_norm 0.29 | tok/s 286,545
step  13320/13952 | loss 1.6638 | lr 1.85e-05 | grad_norm 0.29 | tok/s 286,583
step  13330/13952 | loss 1.6687 | lr 1.82e-05 | grad_norm 0.28 | tok/s 286,606
step  13340/13952 | loss 1.6739 | lr 1.79e-05 | grad_norm 0.28 | tok/s 286,412
step  13350/13952 | loss 1.6672 | lr 1.76e-05 | grad_norm 0.29 | tok/s 286,483
step  13360/13952 | loss 1.6671 | lr 1.73e-05 | grad_norm 0.28 | tok/s 286,402
step  13370/13952 | loss 1.6624 | lr 1.70e-05 | grad_norm 0.29 | tok/s 286,295
step  13380/13952 | loss 1.6594 | lr 1.67e-05 | grad_norm 0.29 | tok/s 286,402
step  13390/13952 | loss 1.6840 | lr 1.64e-05 | grad_norm 0.28 | tok/s 286,326
step  13400/13952 | loss 1.6735 | lr 1.61e-05 | grad_norm 0.33 | tok/s 286,400
step  13410/13952 | loss 1.6624 | lr 1.58e-05 | grad_norm 0.30 | tok/s 286,480
step  13420/13952 | loss 1.6659 | lr 1.56e-05 | grad_norm 0.29 | tok/s 286,509
step  13430/13952 | loss 1.6822 | lr 1.53e-05 | grad_norm 0.29 | tok/s 286,526
step  13440/13952 | loss 1.6628 | lr 1.50e-05 | grad_norm 0.29 | tok/s 286,554
step  13450/13952 | loss 1.6610 | lr 1.47e-05 | grad_norm 0.28 | tok/s 286,543
step  13460/13952 | loss 1.6700 | lr 1.45e-05 | grad_norm 0.28 | tok/s 286,508
step  13470/13952 | loss 1.6730 | lr 1.42e-05 | grad_norm 0.28 | tok/s 286,542
step  13480/13952 | loss 1.6741 | lr 1.40e-05 | grad_norm 0.29 | tok/s 286,482
step  13490/13952 | loss 1.6754 | lr 1.37e-05 | grad_norm 0.28 | tok/s 286,510
step  13500/13952 | loss 1.6665 | lr 1.35e-05 | grad_norm 0.29 | tok/s 286,380
step  13510/13952 | loss 1.6652 | lr 1.33e-05 | grad_norm 0.29 | tok/s 286,586
step  13520/13952 | loss 1.6788 | lr 1.30e-05 | grad_norm 0.29 | tok/s 286,558
step  13530/13952 | loss 1.6847 | lr 1.28e-05 | grad_norm 0.28 | tok/s 286,601
step  13540/13952 | loss 1.6705 | lr 1.26e-05 | grad_norm 0.30 | tok/s 286,542
step  13550/13952 | loss 1.6678 | lr 1.24e-05 | grad_norm 0.29 | tok/s 286,600
step  13560/13952 | loss 1.6672 | lr 1.22e-05 | grad_norm 0.28 | tok/s 286,627
step  13570/13952 | loss 1.6781 | lr 1.20e-05 | grad_norm 0.28 | tok/s 286,576
step  13580/13952 | loss 1.6605 | lr 1.18e-05 | grad_norm 0.29 | tok/s 286,411
step  13590/13952 | loss 1.6722 | lr 1.16e-05 | grad_norm 0.28 | tok/s 286,533
step  13600/13952 | loss 1.6779 | lr 1.14e-05 | grad_norm 0.29 | tok/s 286,540
step  13610/13952 | loss 1.6756 | lr 1.12e-05 | grad_norm 0.29 | tok/s 286,511
step  13620/13952 | loss 1.6675 | lr 1.10e-05 | grad_norm 0.28 | tok/s 286,524
step  13630/13952 | loss 1.6706 | lr 1.08e-05 | grad_norm 0.27 | tok/s 286,529
step  13640/13952 | loss 1.6667 | lr 1.07e-05 | grad_norm 0.28 | tok/s 286,627
step  13650/13952 | loss 1.6932 | lr 1.05e-05 | grad_norm 0.29 | tok/s 286,562
step  13660/13952 | loss 1.6847 | lr 1.03e-05 | grad_norm 0.27 | tok/s 286,542
step  13670/13952 | loss 1.6603 | lr 1.02e-05 | grad_norm 0.29 | tok/s 286,757
step  13680/13952 | loss 1.6733 | lr 1.00e-05 | grad_norm 0.29 | tok/s 286,679
step  13690/13952 | loss 1.6835 | lr 9.88e-06 | grad_norm 0.27 | tok/s 286,660
step  13700/13952 | loss 1.6752 | lr 9.74e-06 | grad_norm 0.28 | tok/s 286,581
step  13710/13952 | loss 1.6687 | lr 9.61e-06 | grad_norm 0.29 | tok/s 286,650
step  13720/13952 | loss 1.6729 | lr 9.48e-06 | grad_norm 0.28 | tok/s 286,645
step  13730/13952 | loss 1.6804 | lr 9.35e-06 | grad_norm 0.28 | tok/s 286,510
step  13740/13952 | loss 1.6594 | lr 9.24e-06 | grad_norm 0.28 | tok/s 286,502
step  13750/13952 | loss 1.6730 | lr 9.12e-06 | grad_norm 0.28 | tok/s 286,567
step  13760/13952 | loss 1.6706 | lr 9.02e-06 | grad_norm 0.29 | tok/s 286,619
step  13770/13952 | loss 1.6798 | lr 8.91e-06 | grad_norm 0.28 | tok/s 286,508
step  13780/13952 | loss 1.6615 | lr 8.82e-06 | grad_norm 0.28 | tok/s 286,661
step  13790/13952 | loss 1.6764 | lr 8.72e-06 | grad_norm 0.29 | tok/s 286,620
step  13800/13952 | loss 1.6668 | lr 8.64e-06 | grad_norm 0.28 | tok/s 286,560
step  13810/13952 | loss 1.6700 | lr 8.56e-06 | grad_norm 0.30 | tok/s 286,636
step  13820/13952 | loss 1.6723 | lr 8.48e-06 | grad_norm 0.28 | tok/s 286,665
step  13830/13952 | loss 1.6667 | lr 8.41e-06 | grad_norm 0.29 | tok/s 286,643
step  13840/13952 | loss 1.6652 | lr 8.35e-06 | grad_norm 0.28 | tok/s 286,629
step  13850/13952 | loss 1.6699 | lr 8.29e-06 | grad_norm 0.28 | tok/s 286,522
step  13860/13952 | loss 1.6782 | lr 8.23e-06 | grad_norm 0.28 | tok/s 286,426
step  13870/13952 | loss 1.6786 | lr 8.19e-06 | grad_norm 0.28 | tok/s 286,536
step  13880/13952 | loss 1.6765 | lr 8.14e-06 | grad_norm 0.28 | tok/s 286,521
step  13890/13952 | loss 1.6689 | lr 8.11e-06 | grad_norm 0.28 | tok/s 286,524
step  13900/13952 | loss 1.6581 | lr 8.07e-06 | grad_norm 0.28 | tok/s 286,422
step  13910/13952 | loss 1.6787 | lr 8.05e-06 | grad_norm 0.28 | tok/s 286,541
step  13920/13952 | loss 1.6713 | lr 8.03e-06 | grad_norm 0.29 | tok/s 286,568
step  13930/13952 | loss 1.6714 | lr 8.01e-06 | grad_norm 0.27 | tok/s 286,514
step  13940/13952 | loss 1.6737 | lr 8.00e-06 | grad_norm 0.29 | tok/s 286,720
step  13950/13952 | loss 1.6727 | lr 8.00e-06 | grad_norm 0.28 | tok/s 286,579
[ckpt] saved -> /mnt/weka/mmusayelyan/tinyllama_ct_uniform_14B/step-13952
[train] done - saving final checkpoint
[ckpt] saved -> /mnt/weka/mmusayelyan/tinyllama_ct_uniform_14B/step-13952


