[global batch tokens] : 1,048,576
[world size]           : 8
[grad accum steps]     : 4
[model] loading from /mnt/weka/mmusayelyan/tinyllama_checkpoints/TinyLlama-1.1B-intermediate-step-1431k-3T
[model] total parameters: 1,100,048,384
[optim] decayed tensors    : 156  (1,099,956,224 params)
[optim] non-decayed tensors: 45  (92,160 params)
step     10/13952 | loss 1.9775 | lr 2.67e-06 | grad_norm 0.68 | tok/s 278,707
step     20/13952 | loss 1.9629 | lr 5.33e-06 | grad_norm 0.50 | tok/s 286,443
step     30/13952 | loss 1.9641 | lr 8.00e-06 | grad_norm 0.40 | tok/s 286,311
step     40/13952 | loss 1.9500 | lr 1.07e-05 | grad_norm 0.32 | tok/s 285,868
step     50/13952 | loss 1.9637 | lr 1.33e-05 | grad_norm 0.30 | tok/s 285,953
step     60/13952 | loss 1.9368 | lr 1.60e-05 | grad_norm 0.32 | tok/s 286,153
step     70/13952 | loss 1.9263 | lr 1.87e-05 | grad_norm 0.29 | tok/s 285,792
step     80/13952 | loss 1.9435 | lr 2.13e-05 | grad_norm 0.29 | tok/s 285,922
step     90/13952 | loss 1.9361 | lr 2.40e-05 | grad_norm 0.28 | tok/s 286,092
step    100/13952 | loss 1.9380 | lr 2.67e-05 | grad_norm 0.29 | tok/s 285,619
step    110/13952 | loss 1.9212 | lr 2.93e-05 | grad_norm 0.30 | tok/s 285,734
step    120/13952 | loss 1.8993 | lr 3.20e-05 | grad_norm 0.32 | tok/s 285,834
step    130/13952 | loss 1.9100 | lr 3.47e-05 | grad_norm 0.29 | tok/s 285,858
step    140/13952 | loss 1.9106 | lr 3.73e-05 | grad_norm 0.30 | tok/s 286,047
step    150/13952 | loss 1.9290 | lr 4.00e-05 | grad_norm 0.29 | tok/s 285,876
step    160/13952 | loss 1.8962 | lr 4.27e-05 | grad_norm 0.30 | tok/s 285,859
step    170/13952 | loss 1.8921 | lr 4.53e-05 | grad_norm 0.59 | tok/s 285,892
step    180/13952 | loss 1.8934 | lr 4.80e-05 | grad_norm 0.33 | tok/s 285,847
step    190/13952 | loss 1.9042 | lr 5.07e-05 | grad_norm 0.30 | tok/s 285,923
step    200/13952 | loss 1.8910 | lr 5.33e-05 | grad_norm 0.31 | tok/s 286,093
step    210/13952 | loss 1.8980 | lr 5.60e-05 | grad_norm 0.31 | tok/s 286,073
step    220/13952 | loss 1.8814 | lr 5.87e-05 | grad_norm 0.31 | tok/s 286,166
step    230/13952 | loss 1.8690 | lr 6.13e-05 | grad_norm 0.44 | tok/s 286,208
step    240/13952 | loss 1.8767 | lr 6.40e-05 | grad_norm 0.33 | tok/s 285,827
step    250/13952 | loss 1.8822 | lr 6.67e-05 | grad_norm 0.31 | tok/s 285,847
step    260/13952 | loss 1.8810 | lr 6.93e-05 | grad_norm 0.33 | tok/s 285,858
step    270/13952 | loss 1.8698 | lr 7.20e-05 | grad_norm 0.32 | tok/s 286,006
step    280/13952 | loss 1.8778 | lr 7.47e-05 | grad_norm 0.34 | tok/s 286,278
step    290/13952 | loss 1.8643 | lr 7.73e-05 | grad_norm 0.32 | tok/s 286,199
step    300/13952 | loss 1.8578 | lr 8.00e-05 | grad_norm 0.41 | tok/s 286,240
step    310/13952 | loss 1.8726 | lr 8.00e-05 | grad_norm 0.33 | tok/s 286,119
step    320/13952 | loss 1.8610 | lr 8.00e-05 | grad_norm 1.52 | tok/s 285,950
step    330/13952 | loss 1.8456 | lr 8.00e-05 | grad_norm 0.35 | tok/s 285,788
step    340/13952 | loss 1.8572 | lr 8.00e-05 | grad_norm 0.33 | tok/s 285,977
step    350/13952 | loss 1.8555 | lr 8.00e-05 | grad_norm 0.31 | tok/s 285,935
step    360/13952 | loss 1.8631 | lr 8.00e-05 | grad_norm 0.33 | tok/s 286,221
step    370/13952 | loss 1.8564 | lr 8.00e-05 | grad_norm 0.37 | tok/s 286,161
step    380/13952 | loss 1.8463 | lr 8.00e-05 | grad_norm 0.34 | tok/s 286,144
step    390/13952 | loss 1.8587 | lr 8.00e-05 | grad_norm 0.32 | tok/s 286,389
step    400/13952 | loss 1.8501 | lr 8.00e-05 | grad_norm 0.31 | tok/s 286,212
step    410/13952 | loss 1.8434 | lr 8.00e-05 | grad_norm 0.35 | tok/s 286,203
step    420/13952 | loss 1.8441 | lr 8.00e-05 | grad_norm 0.36 | tok/s 286,154
step    430/13952 | loss 1.8460 | lr 8.00e-05 | grad_norm 0.32 | tok/s 286,179
step    440/13952 | loss 1.8499 | lr 8.00e-05 | grad_norm 0.31 | tok/s 286,246
step    450/13952 | loss 1.8344 | lr 8.00e-05 | grad_norm 0.34 | tok/s 286,123
step    460/13952 | loss 1.8374 | lr 8.00e-05 | grad_norm 0.32 | tok/s 286,161
step    470/13952 | loss 1.8456 | lr 8.00e-05 | grad_norm 0.34 | tok/s 286,229
step    480/13952 | loss 1.8371 | lr 8.00e-05 | grad_norm 0.32 | tok/s 286,135
step    490/13952 | loss 1.8379 | lr 8.00e-05 | grad_norm 0.39 | tok/s 286,305
step    500/13952 | loss 1.8244 | lr 8.00e-05 | grad_norm 0.33 | tok/s 286,139
step    510/13952 | loss 1.8284 | lr 8.00e-05 | grad_norm 0.32 | tok/s 286,164
step    520/13952 | loss 1.8464 | lr 8.00e-05 | grad_norm 0.32 | tok/s 286,256
step    530/13952 | loss 1.8260 | lr 8.00e-05 | grad_norm 0.32 | tok/s 286,134
step    540/13952 | loss 1.8320 | lr 8.00e-05 | grad_norm 0.34 | tok/s 286,153
step    550/13952 | loss 1.8207 | lr 8.00e-05 | grad_norm 0.32 | tok/s 286,165
step    560/13952 | loss 1.8372 | lr 8.00e-05 | grad_norm 0.32 | tok/s 286,217
step    570/13952 | loss 1.8090 | lr 8.00e-05 | grad_norm 0.33 | tok/s 286,215
step    580/13952 | loss 1.8121 | lr 8.00e-05 | grad_norm 0.33 | tok/s 286,104
step    590/13952 | loss 1.8252 | lr 8.00e-05 | grad_norm 0.34 | tok/s 286,285
step    600/13952 | loss 1.8246 | lr 8.00e-05 | grad_norm 0.37 | tok/s 286,232
step    610/13952 | loss 1.8125 | lr 8.00e-05 | grad_norm 0.32 | tok/s 286,160
step    620/13952 | loss 1.8187 | lr 8.00e-05 | grad_norm 0.39 | tok/s 286,231
step    630/13952 | loss 1.8104 | lr 8.00e-05 | grad_norm 0.33 | tok/s 286,167
step    640/13952 | loss 1.8202 | lr 8.00e-05 | grad_norm 0.32 | tok/s 286,211
step    650/13952 | loss 1.8041 | lr 8.00e-05 | grad_norm 0.33 | tok/s 286,298
step    660/13952 | loss 1.8172 | lr 8.00e-05 | grad_norm 0.33 | tok/s 286,138
step    670/13952 | loss 1.8308 | lr 8.00e-05 | grad_norm 0.33 | tok/s 286,286
step    680/13952 | loss 1.8207 | lr 8.00e-05 | grad_norm 0.33 | tok/s 286,139
step    690/13952 | loss 1.8073 | lr 8.00e-05 | grad_norm 0.33 | tok/s 286,160
step    700/13952 | loss 1.8158 | lr 8.00e-05 | grad_norm 0.30 | tok/s 286,230
step    710/13952 | loss 1.8126 | lr 8.00e-05 | grad_norm 0.32 | tok/s 286,174
step    720/13952 | loss 1.8107 | lr 8.00e-05 | grad_norm 0.30 | tok/s 286,181
step    730/13952 | loss 1.8118 | lr 8.00e-05 | grad_norm 0.32 | tok/s 286,282
step    740/13952 | loss 1.8101 | lr 8.00e-05 | grad_norm 0.31 | tok/s 286,218
step    750/13952 | loss 1.8178 | lr 8.00e-05 | grad_norm 0.34 | tok/s 286,236
step    760/13952 | loss 1.7999 | lr 8.00e-05 | grad_norm 0.31 | tok/s 286,269
step    770/13952 | loss 1.8182 | lr 8.00e-05 | grad_norm 0.32 | tok/s 286,203
step    780/13952 | loss 1.8060 | lr 8.00e-05 | grad_norm 0.33 | tok/s 286,191
step    790/13952 | loss 1.8053 | lr 8.00e-05 | grad_norm 0.33 | tok/s 286,252
step    800/13952 | loss 1.8055 | lr 8.00e-05 | grad_norm 0.33 | tok/s 286,160
step    810/13952 | loss 1.8186 | lr 8.00e-05 | grad_norm 0.32 | tok/s 286,269
step    820/13952 | loss 1.8218 | lr 8.00e-05 | grad_norm 0.32 | tok/s 286,337
step    830/13952 | loss 1.8032 | lr 8.00e-05 | grad_norm 0.30 | tok/s 286,268
step    840/13952 | loss 1.7925 | lr 8.00e-05 | grad_norm 0.35 | tok/s 286,191
step    850/13952 | loss 1.8058 | lr 8.00e-05 | grad_norm 0.33 | tok/s 286,227
step    860/13952 | loss 1.8143 | lr 8.00e-05 | grad_norm 0.68 | tok/s 286,317
step    870/13952 | loss 1.8037 | lr 8.00e-05 | grad_norm 0.32 | tok/s 286,276
step    880/13952 | loss 1.8060 | lr 8.00e-05 | grad_norm 0.33 | tok/s 286,213
step    890/13952 | loss 1.7888 | lr 8.00e-05 | grad_norm 0.35 | tok/s 286,243
step    900/13952 | loss 1.7967 | lr 8.00e-05 | grad_norm 0.30 | tok/s 286,149
step    910/13952 | loss 1.8125 | lr 8.00e-05 | grad_norm 0.32 | tok/s 286,242
step    920/13952 | loss 1.8021 | lr 8.00e-05 | grad_norm 0.34 | tok/s 286,196
step    930/13952 | loss 1.7978 | lr 8.00e-05 | grad_norm 0.31 | tok/s 286,257
step    940/13952 | loss 1.7988 | lr 8.00e-05 | grad_norm 0.62 | tok/s 286,199
step    950/13952 | loss 1.8064 | lr 8.00e-05 | grad_norm 0.34 | tok/s 286,266
step    960/13952 | loss 1.8007 | lr 8.00e-05 | grad_norm 0.32 | tok/s 286,171
step    970/13952 | loss 1.7997 | lr 8.00e-05 | grad_norm 0.32 | tok/s 286,101
step    980/13952 | loss 1.7927 | lr 8.00e-05 | grad_norm 0.33 | tok/s 286,042
step    990/13952 | loss 1.7996 | lr 8.00e-05 | grad_norm 0.31 | tok/s 286,239
step   1000/13952 | loss 1.7807 | lr 8.00e-05 | grad_norm 0.32 | tok/s 286,217
step   1010/13952 | loss 1.8000 | lr 8.00e-05 | grad_norm 0.30 | tok/s 286,178
step   1020/13952 | loss 1.8061 | lr 8.00e-05 | grad_norm 0.77 | tok/s 286,103
step   1030/13952 | loss 1.7961 | lr 8.00e-05 | grad_norm 0.33 | tok/s 286,233
step   1040/13952 | loss 1.7970 | lr 8.00e-05 | grad_norm 0.43 | tok/s 286,263
step   1050/13952 | loss 1.8035 | lr 8.00e-05 | grad_norm 0.30 | tok/s 286,183
step   1060/13952 | loss 1.7957 | lr 8.00e-05 | grad_norm 0.31 | tok/s 286,099
step   1070/13952 | loss 1.8155 | lr 8.00e-05 | grad_norm 0.31 | tok/s 286,216
step   1080/13952 | loss 1.8047 | lr 8.00e-05 | grad_norm 0.32 | tok/s 286,161
step   1090/13952 | loss 1.7995 | lr 8.00e-05 | grad_norm 0.35 | tok/s 285,936
step   1100/13952 | loss 1.7961 | lr 8.00e-05 | grad_norm 0.33 | tok/s 286,004
step   1110/13952 | loss 1.7982 | lr 8.00e-05 | grad_norm 0.31 | tok/s 286,096
step   1120/13952 | loss 1.7980 | lr 8.00e-05 | grad_norm 0.31 | tok/s 286,183
step   1130/13952 | loss 1.7978 | lr 8.00e-05 | grad_norm 0.31 | tok/s 286,273
step   1140/13952 | loss 1.7955 | lr 8.00e-05 | grad_norm 0.31 | tok/s 286,192
step   1150/13952 | loss 1.7969 | lr 8.00e-05 | grad_norm 0.34 | tok/s 286,218
step   1160/13952 | loss 1.8082 | lr 8.00e-05 | grad_norm 0.35 | tok/s 286,257
step   1170/13952 | loss 1.8019 | lr 8.00e-05 | grad_norm 0.31 | tok/s 286,159
step   1180/13952 | loss 1.7934 | lr 8.00e-05 | grad_norm 0.31 | tok/s 285,993
step   1190/13952 | loss 1.7928 | lr 8.00e-05 | grad_norm 0.31 | tok/s 285,966
step   1200/13952 | loss 1.7948 | lr 8.00e-05 | grad_norm 0.32 | tok/s 286,160
step   1210/13952 | loss 1.7970 | lr 8.00e-05 | grad_norm 0.31 | tok/s 286,109
step   1220/13952 | loss 1.8003 | lr 8.00e-05 | grad_norm 0.32 | tok/s 285,937
step   1230/13952 | loss 1.7984 | lr 8.00e-05 | grad_norm 0.31 | tok/s 285,862
step   1240/13952 | loss 1.7903 | lr 8.00e-05 | grad_norm 0.31 | tok/s 285,926
step   1250/13952 | loss 1.8038 | lr 8.00e-05 | grad_norm 0.32 | tok/s 286,108
step   1260/13952 | loss 1.7985 | lr 8.00e-05 | grad_norm 0.32 | tok/s 286,227
step   1270/13952 | loss 1.8063 | lr 8.00e-05 | grad_norm 0.33 | tok/s 285,958
step   1280/13952 | loss 1.7986 | lr 8.00e-05 | grad_norm 0.32 | tok/s 286,111
step   1290/13952 | loss 1.8106 | lr 8.00e-05 | grad_norm 0.33 | tok/s 286,282
step   1300/13952 | loss 1.7946 | lr 8.00e-05 | grad_norm 0.31 | tok/s 286,242
step   1310/13952 | loss 1.7848 | lr 8.00e-05 | grad_norm 0.31 | tok/s 286,282
step   1320/13952 | loss 1.7943 | lr 8.00e-05 | grad_norm 0.31 | tok/s 286,252
step   1330/13952 | loss 1.7979 | lr 8.00e-05 | grad_norm 0.38 | tok/s 286,240
step   1340/13952 | loss 1.8021 | lr 8.00e-05 | grad_norm 0.31 | tok/s 286,112
step   1350/13952 | loss 1.7894 | lr 8.00e-05 | grad_norm 0.31 | tok/s 286,124
step   1360/13952 | loss 1.7971 | lr 8.00e-05 | grad_norm 0.31 | tok/s 286,297
step   1370/13952 | loss 1.7895 | lr 8.00e-05 | grad_norm 0.32 | tok/s 286,253
step   1380/13952 | loss 1.7935 | lr 8.00e-05 | grad_norm 0.31 | tok/s 286,058
step   1390/13952 | loss 1.7843 | lr 8.00e-05 | grad_norm 0.30 | tok/s 286,205
step   1400/13952 | loss 1.7743 | lr 8.00e-05 | grad_norm 0.31 | tok/s 286,099
step   1410/13952 | loss 1.7765 | lr 8.00e-05 | grad_norm 0.32 | tok/s 286,286
step   1420/13952 | loss 1.7842 | lr 8.00e-05 | grad_norm 0.31 | tok/s 286,157
step   1430/13952 | loss 1.7960 | lr 8.00e-05 | grad_norm 0.32 | tok/s 286,233
step   1440/13952 | loss 1.7709 | lr 8.00e-05 | grad_norm 0.33 | tok/s 286,287
step   1450/13952 | loss 1.7755 | lr 8.00e-05 | grad_norm 0.32 | tok/s 286,310
step   1460/13952 | loss 1.7834 | lr 8.00e-05 | grad_norm 0.30 | tok/s 286,178
step   1470/13952 | loss 1.7851 | lr 8.00e-05 | grad_norm 0.32 | tok/s 286,249
step   1480/13952 | loss 1.7690 | lr 8.00e-05 | grad_norm 0.34 | tok/s 286,168
step   1490/13952 | loss 1.7929 | lr 8.00e-05 | grad_norm 0.32 | tok/s 286,202
step   1500/13952 | loss 1.7870 | lr 8.00e-05 | grad_norm 0.32 | tok/s 286,104
step   1510/13952 | loss 1.7800 | lr 8.00e-05 | grad_norm 0.32 | tok/s 286,245
step   1520/13952 | loss 1.7863 | lr 8.00e-05 | grad_norm 0.33 | tok/s 286,144
step   1530/13952 | loss 1.7745 | lr 8.00e-05 | grad_norm 0.34 | tok/s 286,203
step   1540/13952 | loss 1.7734 | lr 8.00e-05 | grad_norm 0.32 | tok/s 286,130
step   1550/13952 | loss 1.7819 | lr 8.00e-05 | grad_norm 0.38 | tok/s 286,131
step   1560/13952 | loss 1.7910 | lr 8.00e-05 | grad_norm 0.36 | tok/s 286,227
step   1570/13952 | loss 1.7850 | lr 8.00e-05 | grad_norm 0.33 | tok/s 286,175
step   1580/13952 | loss 1.7748 | lr 8.00e-05 | grad_norm 0.31 | tok/s 286,179
step   1590/13952 | loss 1.7767 | lr 8.00e-05 | grad_norm 0.33 | tok/s 286,306
step   1600/13952 | loss 1.7691 | lr 8.00e-05 | grad_norm 0.41 | tok/s 286,163
step   1610/13952 | loss 1.7923 | lr 8.00e-05 | grad_norm 0.32 | tok/s 286,211
step   1620/13952 | loss 1.7799 | lr 8.00e-05 | grad_norm 0.32 | tok/s 286,130
step   1630/13952 | loss 1.7789 | lr 8.00e-05 | grad_norm 0.29 | tok/s 285,867
step   1640/13952 | loss 1.7899 | lr 8.00e-05 | grad_norm 0.34 | tok/s 285,744
step   1650/13952 | loss 1.7692 | lr 8.00e-05 | grad_norm 0.30 | tok/s 285,896
step   1660/13952 | loss 1.7660 | lr 8.00e-05 | grad_norm 0.31 | tok/s 285,944
step   1670/13952 | loss 1.7823 | lr 8.00e-05 | grad_norm 0.32 | tok/s 285,927
step   1680/13952 | loss 1.7865 | lr 8.00e-05 | grad_norm 0.31 | tok/s 286,007
step   1690/13952 | loss 1.7628 | lr 8.00e-05 | grad_norm 0.31 | tok/s 286,178
step   1700/13952 | loss 1.7786 | lr 8.00e-05 | grad_norm 0.32 | tok/s 286,246
step   1710/13952 | loss 1.7781 | lr 8.00e-05 | grad_norm 0.32 | tok/s 286,333
step   1720/13952 | loss 1.7687 | lr 8.00e-05 | grad_norm 0.31 | tok/s 286,240
step   1730/13952 | loss 1.7643 | lr 8.00e-05 | grad_norm 0.31 | tok/s 286,266
step   1740/13952 | loss 1.7766 | lr 8.00e-05 | grad_norm 0.32 | tok/s 286,260
step   1750/13952 | loss 1.7745 | lr 8.00e-05 | grad_norm 0.33 | tok/s 286,216
step   1760/13952 | loss 1.7721 | lr 8.00e-05 | grad_norm 0.31 | tok/s 286,164
step   1770/13952 | loss 1.7881 | lr 8.00e-05 | grad_norm 0.33 | tok/s 286,279
step   1780/13952 | loss 1.7652 | lr 8.00e-05 | grad_norm 0.32 | tok/s 286,240
step   1790/13952 | loss 1.7731 | lr 8.00e-05 | grad_norm 0.31 | tok/s 286,098
step   1800/13952 | loss 1.7569 | lr 8.00e-05 | grad_norm 0.32 | tok/s 286,103
step   1810/13952 | loss 1.7628 | lr 8.00e-05 | grad_norm 0.32 | tok/s 286,292
step   1820/13952 | loss 1.7850 | lr 8.00e-05 | grad_norm 0.31 | tok/s 286,186
step   1830/13952 | loss 1.7624 | lr 8.00e-05 | grad_norm 0.33 | tok/s 286,298
step   1840/13952 | loss 1.7813 | lr 8.00e-05 | grad_norm 0.32 | tok/s 286,197
step   1850/13952 | loss 1.7557 | lr 8.00e-05 | grad_norm 0.31 | tok/s 286,199
step   1860/13952 | loss 1.7652 | lr 8.00e-05 | grad_norm 0.34 | tok/s 286,259
step   1870/13952 | loss 1.7627 | lr 8.00e-05 | grad_norm 0.34 | tok/s 286,289
step   1880/13952 | loss 1.7623 | lr 8.00e-05 | grad_norm 0.36 | tok/s 286,278
step   1890/13952 | loss 1.7712 | lr 8.00e-05 | grad_norm 0.32 | tok/s 286,176
step   1900/13952 | loss 1.7696 | lr 8.00e-05 | grad_norm 0.32 | tok/s 285,767
step   1910/13952 | loss 1.7810 | lr 8.00e-05 | grad_norm 0.32 | tok/s 286,021
step   1920/13952 | loss 1.7744 | lr 8.00e-05 | grad_norm 0.32 | tok/s 286,224
step   1930/13952 | loss 1.7729 | lr 8.00e-05 | grad_norm 0.34 | tok/s 286,176
step   1940/13952 | loss 1.7752 | lr 8.00e-05 | grad_norm 0.33 | tok/s 286,064
step   1950/13952 | loss 1.7677 | lr 8.00e-05 | grad_norm 0.31 | tok/s 286,334
step   1960/13952 | loss 1.7640 | lr 8.00e-05 | grad_norm 0.33 | tok/s 286,197
step   1970/13952 | loss 1.7781 | lr 8.00e-05 | grad_norm 0.32 | tok/s 286,351
step   1980/13952 | loss 1.7624 | lr 8.00e-05 | grad_norm 0.34 | tok/s 286,074
step   1990/13952 | loss 1.7780 | lr 8.00e-05 | grad_norm 0.31 | tok/s 286,204
step   2000/13952 | loss 1.7636 | lr 8.00e-05 | grad_norm 0.32 | tok/s 286,298
step   2010/13952 | loss 1.7651 | lr 8.00e-05 | grad_norm 0.33 | tok/s 286,194
step   2020/13952 | loss 1.7692 | lr 8.00e-05 | grad_norm 0.33 | tok/s 286,341
step   2030/13952 | loss 1.7565 | lr 8.00e-05 | grad_norm 0.32 | tok/s 286,252
step   2040/13952 | loss 1.7715 | lr 8.00e-05 | grad_norm 0.31 | tok/s 286,194
step   2050/13952 | loss 1.7733 | lr 8.00e-05 | grad_norm 0.34 | tok/s 286,195
step   2060/13952 | loss 1.7794 | lr 8.00e-05 | grad_norm 0.33 | tok/s 286,277
step   2070/13952 | loss 1.7649 | lr 8.00e-05 | grad_norm 0.33 | tok/s 286,225
step   2080/13952 | loss 1.7770 | lr 8.00e-05 | grad_norm 0.32 | tok/s 286,042
step   2090/13952 | loss 1.7785 | lr 8.00e-05 | grad_norm 0.33 | tok/s 285,959
step   2100/13952 | loss 1.7665 | lr 8.00e-05 | grad_norm 0.34 | tok/s 286,118
step   2110/13952 | loss 1.7858 | lr 8.00e-05 | grad_norm 0.33 | tok/s 286,250
step   2120/13952 | loss 1.7577 | lr 8.00e-05 | grad_norm 0.30 | tok/s 286,284
step   2130/13952 | loss 1.7694 | lr 8.00e-05 | grad_norm 0.31 | tok/s 286,321
step   2140/13952 | loss 1.7654 | lr 8.00e-05 | grad_norm 0.33 | tok/s 286,159
step   2150/13952 | loss 1.7628 | lr 8.00e-05 | grad_norm 0.32 | tok/s 286,162
step   2160/13952 | loss 1.7734 | lr 8.00e-05 | grad_norm 0.33 | tok/s 286,257
step   2170/13952 | loss 1.7597 | lr 8.00e-05 | grad_norm 0.31 | tok/s 286,282
step   2180/13952 | loss 1.7744 | lr 8.00e-05 | grad_norm 0.33 | tok/s 286,156
step   2190/13952 | loss 1.7688 | lr 8.00e-05 | grad_norm 0.32 | tok/s 286,023
step   2200/13952 | loss 1.7689 | lr 8.00e-05 | grad_norm 0.34 | tok/s 286,176
step   2210/13952 | loss 1.7808 | lr 8.00e-05 | grad_norm 0.32 | tok/s 286,252
step   2220/13952 | loss 1.7689 | lr 8.00e-05 | grad_norm 0.33 | tok/s 286,282
step   2230/13952 | loss 1.7517 | lr 8.00e-05 | grad_norm 0.32 | tok/s 286,260
step   2240/13952 | loss 1.7588 | lr 8.00e-05 | grad_norm 0.37 | tok/s 286,343
step   2250/13952 | loss 1.7688 | lr 8.00e-05 | grad_norm 0.32 | tok/s 286,282
step   2260/13952 | loss 1.7657 | lr 8.00e-05 | grad_norm 0.34 | tok/s 286,255
step   2270/13952 | loss 1.7533 | lr 8.00e-05 | grad_norm 0.31 | tok/s 286,279
step   2280/13952 | loss 1.7645 | lr 8.00e-05 | grad_norm 0.32 | tok/s 286,304
step   2290/13952 | loss 1.7697 | lr 8.00e-05 | grad_norm 0.31 | tok/s 286,088
step   2300/13952 | loss 1.7585 | lr 8.00e-05 | grad_norm 0.32 | tok/s 286,260
step   2310/13952 | loss 1.7742 | lr 8.00e-05 | grad_norm 0.32 | tok/s 286,303
step   2320/13952 | loss 1.7677 | lr 8.00e-05 | grad_norm 0.31 | tok/s 286,179
step   2330/13952 | loss 1.7756 | lr 8.00e-05 | grad_norm 0.30 | tok/s 286,150
step   2340/13952 | loss 1.7613 | lr 8.00e-05 | grad_norm 0.34 | tok/s 286,281
step   2350/13952 | loss 1.7802 | lr 8.00e-05 | grad_norm 0.31 | tok/s 286,283
step   2360/13952 | loss 1.7633 | lr 8.00e-05 | grad_norm 0.31 | tok/s 286,219
step   2370/13952 | loss 1.7589 | lr 8.00e-05 | grad_norm 0.31 | tok/s 286,268
step   2380/13952 | loss 1.7673 | lr 8.00e-05 | grad_norm 0.32 | tok/s 286,245
step   2390/13952 | loss 1.7588 | lr 8.00e-05 | grad_norm 0.31 | tok/s 286,268
step   2400/13952 | loss 1.7573 | lr 8.00e-05 | grad_norm 0.31 | tok/s 286,187
step   2410/13952 | loss 1.7629 | lr 8.00e-05 | grad_norm 0.33 | tok/s 286,134
step   2420/13952 | loss 1.7381 | lr 8.00e-05 | grad_norm 0.32 | tok/s 286,240
step   2430/13952 | loss 1.7576 | lr 8.00e-05 | grad_norm 0.32 | tok/s 286,125
step   2440/13952 | loss 1.7659 | lr 8.00e-05 | grad_norm 0.32 | tok/s 286,273
step   2450/13952 | loss 1.7481 | lr 8.00e-05 | grad_norm 0.33 | tok/s 286,274
step   2460/13952 | loss 1.7665 | lr 8.00e-05 | grad_norm 0.31 | tok/s 286,113
step   2470/13952 | loss 1.7687 | lr 8.00e-05 | grad_norm 0.31 | tok/s 286,251
step   2480/13952 | loss 1.7615 | lr 8.00e-05 | grad_norm 0.31 | tok/s 286,234
step   2490/13952 | loss 1.7543 | lr 8.00e-05 | grad_norm 0.32 | tok/s 286,209
step   2500/13952 | loss 1.7682 | lr 8.00e-05 | grad_norm 0.31 | tok/s 286,289
step   2510/13952 | loss 1.7623 | lr 8.00e-05 | grad_norm 0.30 | tok/s 286,243
step   2520/13952 | loss 1.7582 | lr 8.00e-05 | grad_norm 0.30 | tok/s 286,263
step   2530/13952 | loss 1.7492 | lr 8.00e-05 | grad_norm 0.31 | tok/s 286,104
step   2540/13952 | loss 1.7501 | lr 8.00e-05 | grad_norm 0.33 | tok/s 286,213
step   2550/13952 | loss 1.7494 | lr 8.00e-05 | grad_norm 0.32 | tok/s 286,199
step   2560/13952 | loss 1.7604 | lr 8.00e-05 | grad_norm 0.32 | tok/s 286,261
step   2570/13952 | loss 1.7588 | lr 8.00e-05 | grad_norm 0.32 | tok/s 286,305
step   2580/13952 | loss 1.7553 | lr 8.00e-05 | grad_norm 0.31 | tok/s 286,220
step   2590/13952 | loss 1.7541 | lr 8.00e-05 | grad_norm 0.32 | tok/s 286,291
step   2600/13952 | loss 1.7501 | lr 8.00e-05 | grad_norm 0.31 | tok/s 286,227
step   2610/13952 | loss 1.7605 | lr 8.00e-05 | grad_norm 0.34 | tok/s 286,144
step   2620/13952 | loss 1.7785 | lr 8.00e-05 | grad_norm 0.33 | tok/s 286,304
step   2630/13952 | loss 1.7644 | lr 8.00e-05 | grad_norm 0.31 | tok/s 286,137
step   2640/13952 | loss 1.7515 | lr 8.00e-05 | grad_norm 0.33 | tok/s 286,225
step   2650/13952 | loss 1.7546 | lr 8.00e-05 | grad_norm 0.33 | tok/s 286,298
step   2660/13952 | loss 1.7409 | lr 8.00e-05 | grad_norm 0.31 | tok/s 286,299
step   2670/13952 | loss 1.7466 | lr 8.00e-05 | grad_norm 0.33 | tok/s 286,291
step   2680/13952 | loss 1.7454 | lr 8.00e-05 | grad_norm 0.32 | tok/s 286,172
step   2690/13952 | loss 1.7425 | lr 8.00e-05 | grad_norm 0.32 | tok/s 286,062
step   2700/13952 | loss 1.7386 | lr 8.00e-05 | grad_norm 0.30 | tok/s 285,878
step   2710/13952 | loss 1.7640 | lr 8.00e-05 | grad_norm 0.32 | tok/s 286,051
step   2720/13952 | loss 1.7563 | lr 8.00e-05 | grad_norm 0.31 | tok/s 286,257
step   2730/13952 | loss 1.7470 | lr 8.00e-05 | grad_norm 0.31 | tok/s 286,279
step   2740/13952 | loss 1.7477 | lr 8.00e-05 | grad_norm 0.33 | tok/s 286,174
step   2750/13952 | loss 1.7467 | lr 8.00e-05 | grad_norm 0.32 | tok/s 286,064
step   2760/13952 | loss 1.7540 | lr 8.00e-05 | grad_norm 0.33 | tok/s 286,345
step   2770/13952 | loss 1.7510 | lr 8.00e-05 | grad_norm 0.32 | tok/s 286,283
step   2780/13952 | loss 1.7560 | lr 8.00e-05 | grad_norm 0.30 | tok/s 286,233
step   2790/13952 | loss 1.7636 | lr 8.00e-05 | grad_norm 0.32 | tok/s 286,142
step   2800/13952 | loss 1.7544 | lr 8.00e-05 | grad_norm 0.34 | tok/s 286,335
step   2810/13952 | loss 1.7550 | lr 8.00e-05 | grad_norm 0.33 | tok/s 286,191
step   2820/13952 | loss 1.7465 | lr 8.00e-05 | grad_norm 0.33 | tok/s 286,357
step   2830/13952 | loss 1.7416 | lr 8.00e-05 | grad_norm 0.31 | tok/s 286,203
step   2840/13952 | loss 1.7467 | lr 8.00e-05 | grad_norm 0.32 | tok/s 286,166
step   2850/13952 | loss 1.7470 | lr 8.00e-05 | grad_norm 0.37 | tok/s 286,145
step   2860/13952 | loss 1.7465 | lr 8.00e-05 | grad_norm 0.31 | tok/s 286,230
step   2870/13952 | loss 1.7471 | lr 8.00e-05 | grad_norm 0.32 | tok/s 286,260
step   2880/13952 | loss 1.7466 | lr 8.00e-05 | grad_norm 0.32 | tok/s 286,186
step   2890/13952 | loss 1.7434 | lr 8.00e-05 | grad_norm 0.32 | tok/s 286,190
step   2900/13952 | loss 1.7485 | lr 8.00e-05 | grad_norm 0.33 | tok/s 286,232
step   2910/13952 | loss 1.7568 | lr 8.00e-05 | grad_norm 0.33 | tok/s 286,230
step   2920/13952 | loss 1.7518 | lr 8.00e-05 | grad_norm 0.31 | tok/s 286,178
step   2930/13952 | loss 1.7436 | lr 8.00e-05 | grad_norm 0.32 | tok/s 286,217
step   2940/13952 | loss 1.7535 | lr 8.00e-05 | grad_norm 0.33 | tok/s 286,149
step   2950/13952 | loss 1.7528 | lr 8.00e-05 | grad_norm 0.45 | tok/s 286,172
step   2960/13952 | loss 1.7417 | lr 8.00e-05 | grad_norm 0.34 | tok/s 286,103
step   2970/13952 | loss 1.7580 | lr 8.00e-05 | grad_norm 0.31 | tok/s 286,127
step   2980/13952 | loss 1.7354 | lr 8.00e-05 | grad_norm 0.30 | tok/s 286,179
step   2990/13952 | loss 1.7446 | lr 8.00e-05 | grad_norm 0.32 | tok/s 286,345
step   3000/13952 | loss 1.7499 | lr 8.00e-05 | grad_norm 0.33 | tok/s 286,213
step   3010/13952 | loss 1.7219 | lr 8.00e-05 | grad_norm 0.32 | tok/s 286,208
step   3020/13952 | loss 1.7493 | lr 8.00e-05 | grad_norm 0.33 | tok/s 286,286
step   3030/13952 | loss 1.7465 | lr 8.00e-05 | grad_norm 0.33 | tok/s 286,288
step   3040/13952 | loss 1.7444 | lr 8.00e-05 | grad_norm 0.32 | tok/s 286,259
step   3050/13952 | loss 1.7495 | lr 8.00e-05 | grad_norm 0.32 | tok/s 286,211
step   3060/13952 | loss 1.7373 | lr 8.00e-05 | grad_norm 0.33 | tok/s 286,202
step   3070/13952 | loss 1.7541 | lr 8.00e-05 | grad_norm 0.31 | tok/s 285,873
step   3080/13952 | loss 1.7505 | lr 8.00e-05 | grad_norm 0.36 | tok/s 285,882
step   3090/13952 | loss 1.7592 | lr 8.00e-05 | grad_norm 0.30 | tok/s 286,210
step   3100/13952 | loss 1.7615 | lr 8.00e-05 | grad_norm 0.35 | tok/s 286,217
step   3110/13952 | loss 1.7723 | lr 8.00e-05 | grad_norm 0.34 | tok/s 286,288
step   3120/13952 | loss 1.7674 | lr 8.00e-05 | grad_norm 0.31 | tok/s 286,217
step   3130/13952 | loss 1.7604 | lr 8.00e-05 | grad_norm 0.52 | tok/s 286,020
step   3140/13952 | loss 1.7635 | lr 8.00e-05 | grad_norm 0.31 | tok/s 286,125
step   3150/13952 | loss 1.7440 | lr 8.00e-05 | grad_norm 0.34 | tok/s 286,183
step   3160/13952 | loss 1.7528 | lr 8.00e-05 | grad_norm 0.33 | tok/s 286,101
step   3170/13952 | loss 1.7522 | lr 8.00e-05 | grad_norm 0.32 | tok/s 286,166
step   3180/13952 | loss 1.7672 | lr 8.00e-05 | grad_norm 0.32 | tok/s 286,145
step   3190/13952 | loss 1.7637 | lr 8.00e-05 | grad_norm 0.31 | tok/s 286,138
step   3200/13952 | loss 1.7629 | lr 8.00e-05 | grad_norm 0.31 | tok/s 286,247
step   3210/13952 | loss 1.7583 | lr 8.00e-05 | grad_norm 0.32 | tok/s 286,371
step   3220/13952 | loss 1.7485 | lr 8.00e-05 | grad_norm 0.35 | tok/s 286,176
step   3230/13952 | loss 1.7541 | lr 8.00e-05 | grad_norm 0.32 | tok/s 286,190
step   3240/13952 | loss 1.7519 | lr 8.00e-05 | grad_norm 0.32 | tok/s 286,344
step   3250/13952 | loss 1.7473 | lr 8.00e-05 | grad_norm 0.31 | tok/s 286,245
step   3260/13952 | loss 1.7506 | lr 8.00e-05 | grad_norm 0.32 | tok/s 286,278
step   3270/13952 | loss 1.7534 | lr 8.00e-05 | grad_norm 0.33 | tok/s 286,283
step   3280/13952 | loss 1.7560 | lr 8.00e-05 | grad_norm 0.30 | tok/s 286,169
step   3290/13952 | loss 1.7435 | lr 8.00e-05 | grad_norm 0.43 | tok/s 286,158
step   3300/13952 | loss 1.7594 | lr 8.00e-05 | grad_norm 0.33 | tok/s 286,224
step   3310/13952 | loss 1.7642 | lr 8.00e-05 | grad_norm 0.36 | tok/s 286,273
step   3320/13952 | loss 1.7599 | lr 8.00e-05 | grad_norm 0.36 | tok/s 286,318
step   3330/13952 | loss 1.7486 | lr 8.00e-05 | grad_norm 0.35 | tok/s 286,337
step   3340/13952 | loss 1.7604 | lr 8.00e-05 | grad_norm 0.31 | tok/s 286,160
step   3350/13952 | loss 1.7477 | lr 8.00e-05 | grad_norm 0.38 | tok/s 286,211
step   3360/13952 | loss 1.7542 | lr 8.00e-05 | grad_norm 0.35 | tok/s 286,183
step   3370/13952 | loss 1.7412 | lr 8.00e-05 | grad_norm 0.33 | tok/s 286,253
step   3380/13952 | loss 1.7378 | lr 8.00e-05 | grad_norm 0.37 | tok/s 286,284
step   3390/13952 | loss 1.7685 | lr 8.00e-05 | grad_norm 0.39 | tok/s 286,149
step   3400/13952 | loss 1.7611 | lr 8.00e-05 | grad_norm 0.32 | tok/s 286,224
step   3410/13952 | loss 1.7452 | lr 8.00e-05 | grad_norm 0.32 | tok/s 286,189
step   3420/13952 | loss 1.7421 | lr 8.00e-05 | grad_norm 0.32 | tok/s 286,185
step   3430/13952 | loss 1.7388 | lr 8.00e-05 | grad_norm 0.32 | tok/s 286,199
step   3440/13952 | loss 1.7436 | lr 8.00e-05 | grad_norm 0.32 | tok/s 286,282
step   3450/13952 | loss 1.7495 | lr 8.00e-05 | grad_norm 0.32 | tok/s 286,268
step   3460/13952 | loss 1.7487 | lr 8.00e-05 | grad_norm 0.31 | tok/s 286,252
step   3470/13952 | loss 1.7312 | lr 8.00e-05 | grad_norm 0.33 | tok/s 286,271
step   3480/13952 | loss 1.7424 | lr 8.00e-05 | grad_norm 0.33 | tok/s 286,182
step   3490/13952 | loss 1.7359 | lr 8.00e-05 | grad_norm 0.34 | tok/s 286,236
step   3500/13952 | loss 1.7443 | lr 8.00e-05 | grad_norm 0.32 | tok/s 286,115
step   3510/13952 | loss 1.7441 | lr 8.00e-05 | grad_norm 0.31 | tok/s 286,289
step   3520/13952 | loss 1.7594 | lr 8.00e-05 | grad_norm 0.31 | tok/s 286,312
step   3530/13952 | loss 1.7432 | lr 8.00e-05 | grad_norm 0.32 | tok/s 286,225
step   3540/13952 | loss 1.7372 | lr 8.00e-05 | grad_norm 0.33 | tok/s 286,256
step   3550/13952 | loss 1.7501 | lr 8.00e-05 | grad_norm 0.33 | tok/s 286,191
step   3560/13952 | loss 1.7326 | lr 8.00e-05 | grad_norm 0.31 | tok/s 286,287
step   3570/13952 | loss 1.7459 | lr 8.00e-05 | grad_norm 0.35 | tok/s 286,244
step   3580/13952 | loss 1.7380 | lr 8.00e-05 | grad_norm 0.32 | tok/s 286,157
step   3590/13952 | loss 1.7521 | lr 8.00e-05 | grad_norm 0.35 | tok/s 286,199
step   3600/13952 | loss 1.7436 | lr 8.00e-05 | grad_norm 0.33 | tok/s 286,295
step   3610/13952 | loss 1.7396 | lr 8.00e-05 | grad_norm 0.33 | tok/s 286,176
step   3620/13952 | loss 1.7375 | lr 8.00e-05 | grad_norm 0.31 | tok/s 286,186
step   3630/13952 | loss 1.7472 | lr 8.00e-05 | grad_norm 0.34 | tok/s 286,278
step   3640/13952 | loss 1.7271 | lr 8.00e-05 | grad_norm 0.34 | tok/s 286,238
step   3650/13952 | loss 1.7311 | lr 8.00e-05 | grad_norm 0.33 | tok/s 286,213
step   3660/13952 | loss 1.7476 | lr 8.00e-05 | grad_norm 0.32 | tok/s 286,344
step   3670/13952 | loss 1.7427 | lr 8.00e-05 | grad_norm 0.32 | tok/s 286,219
step   3680/13952 | loss 1.7359 | lr 8.00e-05 | grad_norm 0.32 | tok/s 286,313
step   3690/13952 | loss 1.7516 | lr 8.00e-05 | grad_norm 0.31 | tok/s 286,353
step   3700/13952 | loss 1.7244 | lr 8.00e-05 | grad_norm 0.37 | tok/s 286,349
step   3710/13952 | loss 1.7380 | lr 8.00e-05 | grad_norm 0.32 | tok/s 286,231
step   3720/13952 | loss 1.7498 | lr 8.00e-05 | grad_norm 0.34 | tok/s 286,177
step   3730/13952 | loss 1.7347 | lr 8.00e-05 | grad_norm 0.31 | tok/s 286,304
step   3740/13952 | loss 1.7481 | lr 8.00e-05 | grad_norm 0.32 | tok/s 286,200
step   3750/13952 | loss 1.7307 | lr 8.00e-05 | grad_norm 10.00 | tok/s 286,324
step   3760/13952 | loss 1.7442 | lr 8.00e-05 | grad_norm 0.36 | tok/s 286,334
step   3770/13952 | loss 1.7367 | lr 8.00e-05 | grad_norm 0.32 | tok/s 286,317
step   3780/13952 | loss 1.7476 | lr 8.00e-05 | grad_norm 0.31 | tok/s 286,109
step   3790/13952 | loss 1.7425 | lr 8.00e-05 | grad_norm 0.32 | tok/s 286,287
step   3800/13952 | loss 1.7241 | lr 8.00e-05 | grad_norm 0.32 | tok/s 286,210
step   3810/13952 | loss 1.7394 | lr 8.00e-05 | grad_norm 0.33 | tok/s 286,159
step   3820/13952 | loss 1.7301 | lr 8.00e-05 | grad_norm 0.32 | tok/s 286,272
step   3830/13952 | loss 1.7378 | lr 8.00e-05 | grad_norm 0.33 | tok/s 286,184
step   3840/13952 | loss 1.7380 | lr 8.00e-05 | grad_norm 0.33 | tok/s 286,310
step   3850/13952 | loss 1.7342 | lr 8.00e-05 | grad_norm 0.34 | tok/s 286,213
step   3860/13952 | loss 1.7339 | lr 8.00e-05 | grad_norm 0.36 | tok/s 286,292
step   3870/13952 | loss 1.7390 | lr 8.00e-05 | grad_norm 0.32 | tok/s 286,191
step   3880/13952 | loss 1.7390 | lr 8.00e-05 | grad_norm 0.32 | tok/s 286,266
step   3890/13952 | loss 1.7432 | lr 8.00e-05 | grad_norm 0.32 | tok/s 286,139
step   3900/13952 | loss 1.7341 | lr 8.00e-05 | grad_norm 0.32 | tok/s 286,179
step   3910/13952 | loss 1.7271 | lr 8.00e-05 | grad_norm 0.34 | tok/s 286,209
step   3920/13952 | loss 1.7280 | lr 8.00e-05 | grad_norm 0.33 | tok/s 286,222
step   3930/13952 | loss 1.7434 | lr 8.00e-05 | grad_norm 0.36 | tok/s 286,187
step   3940/13952 | loss 1.7381 | lr 8.00e-05 | grad_norm 0.34 | tok/s 286,124
step   3950/13952 | loss 1.7160 | lr 8.00e-05 | grad_norm 0.34 | tok/s 286,206
step   3960/13952 | loss 1.7258 | lr 8.00e-05 | grad_norm 0.34 | tok/s 286,227
step   3970/13952 | loss 1.7490 | lr 8.00e-05 | grad_norm 0.34 | tok/s 286,123
step   3980/13952 | loss 1.7413 | lr 8.00e-05 | grad_norm 0.37 | tok/s 286,297
step   3990/13952 | loss 1.7444 | lr 8.00e-05 | grad_norm 0.34 | tok/s 286,267
step   4000/13952 | loss 1.7288 | lr 8.00e-05 | grad_norm 0.30 | tok/s 286,176
step   4010/13952 | loss 1.7349 | lr 8.00e-05 | grad_norm 0.33 | tok/s 286,205
step   4020/13952 | loss 1.7292 | lr 8.00e-05 | grad_norm 0.32 | tok/s 286,213
step   4030/13952 | loss 1.7315 | lr 8.00e-05 | grad_norm 0.32 | tok/s 286,291
step   4040/13952 | loss 1.7236 | lr 8.00e-05 | grad_norm 0.30 | tok/s 286,329
step   4050/13952 | loss 1.7345 | lr 8.00e-05 | grad_norm 0.31 | tok/s 286,369
step   4060/13952 | loss 1.7465 | lr 8.00e-05 | grad_norm 0.31 | tok/s 286,165
step   4070/13952 | loss 1.7252 | lr 8.00e-05 | grad_norm 0.31 | tok/s 286,128
step   4080/13952 | loss 1.7385 | lr 8.00e-05 | grad_norm 0.36 | tok/s 286,182
step   4090/13952 | loss 1.7185 | lr 8.00e-05 | grad_norm 0.40 | tok/s 286,192
step   4100/13952 | loss 1.7366 | lr 8.00e-05 | grad_norm 0.34 | tok/s 286,270
step   4110/13952 | loss 1.7440 | lr 8.00e-05 | grad_norm 0.33 | tok/s 286,221
step   4120/13952 | loss 1.7470 | lr 8.00e-05 | grad_norm 1.44 | tok/s 286,163
step   4130/13952 | loss 1.7284 | lr 8.00e-05 | grad_norm 0.33 | tok/s 286,193
step   4140/13952 | loss 1.7322 | lr 8.00e-05 | grad_norm 0.32 | tok/s 286,033
step   4150/13952 | loss 1.7595 | lr 8.00e-05 | grad_norm 0.33 | tok/s 285,872
step   4160/13952 | loss 1.7260 | lr 8.00e-05 | grad_norm 0.33 | tok/s 286,020
step   4170/13952 | loss 1.7388 | lr 8.00e-05 | grad_norm 0.36 | tok/s 286,192
step   4180/13952 | loss 1.7390 | lr 8.00e-05 | grad_norm 0.35 | tok/s 286,248
step   4190/13952 | loss 1.7353 | lr 8.00e-05 | grad_norm 0.32 | tok/s 286,303
step   4200/13952 | loss 1.7478 | lr 8.00e-05 | grad_norm 0.32 | tok/s 286,108
step   4210/13952 | loss 1.7384 | lr 8.00e-05 | grad_norm 0.30 | tok/s 286,349
step   4220/13952 | loss 1.7375 | lr 8.00e-05 | grad_norm 0.32 | tok/s 286,267
step   4230/13952 | loss 1.7309 | lr 8.00e-05 | grad_norm 0.32 | tok/s 286,216
step   4240/13952 | loss 1.7404 | lr 8.00e-05 | grad_norm 0.39 | tok/s 286,265
step   4250/13952 | loss 1.7411 | lr 8.00e-05 | grad_norm 0.32 | tok/s 286,190
step   4260/13952 | loss 1.7196 | lr 8.00e-05 | grad_norm 0.32 | tok/s 286,207
step   4270/13952 | loss 1.7399 | lr 8.00e-05 | grad_norm 0.31 | tok/s 286,337
step   4280/13952 | loss 1.7499 | lr 8.00e-05 | grad_norm 0.33 | tok/s 286,377
step   4290/13952 | loss 1.7251 | lr 8.00e-05 | grad_norm 1.28 | tok/s 286,146
step   4300/13952 | loss 1.7546 | lr 8.00e-05 | grad_norm 0.34 | tok/s 286,292
step   4310/13952 | loss 1.7557 | lr 8.00e-05 | grad_norm 0.36 | tok/s 286,400
step   4320/13952 | loss 1.7360 | lr 8.00e-05 | grad_norm 0.38 | tok/s 286,280
step   4330/13952 | loss 1.7287 | lr 8.00e-05 | grad_norm 0.31 | tok/s 286,249
step   4340/13952 | loss 1.7379 | lr 8.00e-05 | grad_norm 0.31 | tok/s 286,279
step   4350/13952 | loss 1.7262 | lr 8.00e-05 | grad_norm 0.30 | tok/s 286,152
step   4360/13952 | loss 1.7385 | lr 8.00e-05 | grad_norm 0.31 | tok/s 286,389
step   4370/13952 | loss 1.7335 | lr 8.00e-05 | grad_norm 0.31 | tok/s 286,266
step   4380/13952 | loss 1.7467 | lr 8.00e-05 | grad_norm 0.31 | tok/s 286,276
step   4390/13952 | loss 1.7408 | lr 8.00e-05 | grad_norm 0.31 | tok/s 286,251
step   4400/13952 | loss 1.7190 | lr 8.00e-05 | grad_norm 0.32 | tok/s 286,224
step   4410/13952 | loss 1.7203 | lr 8.00e-05 | grad_norm 0.37 | tok/s 286,341
step   4420/13952 | loss 1.7378 | lr 8.00e-05 | grad_norm 0.33 | tok/s 286,357
step   4430/13952 | loss 1.7391 | lr 8.00e-05 | grad_norm 0.32 | tok/s 286,356
step   4440/13952 | loss 1.7484 | lr 8.00e-05 | grad_norm 0.32 | tok/s 286,294
step   4450/13952 | loss 1.7257 | lr 8.00e-05 | grad_norm 0.32 | tok/s 286,187
step   4460/13952 | loss 1.7281 | lr 8.00e-05 | grad_norm 0.33 | tok/s 286,222
step   4470/13952 | loss 1.7368 | lr 8.00e-05 | grad_norm 0.38 | tok/s 286,140
step   4480/13952 | loss 1.7382 | lr 8.00e-05 | grad_norm 0.32 | tok/s 286,150
step   4490/13952 | loss 1.7452 | lr 8.00e-05 | grad_norm 0.38 | tok/s 286,203
step   4500/13952 | loss 1.7455 | lr 8.00e-05 | grad_norm 0.36 | tok/s 286,276
step   4510/13952 | loss 1.7416 | lr 8.00e-05 | grad_norm 0.36 | tok/s 286,219
step   4520/13952 | loss 1.7259 | lr 8.00e-05 | grad_norm 0.31 | tok/s 286,348
step   4530/13952 | loss 1.7210 | lr 8.00e-05 | grad_norm 0.32 | tok/s 286,150
step   4540/13952 | loss 1.7384 | lr 8.00e-05 | grad_norm 0.34 | tok/s 286,179
step   4550/13952 | loss 1.7226 | lr 8.00e-05 | grad_norm 0.33 | tok/s 286,180
step   4560/13952 | loss 1.7153 | lr 8.00e-05 | grad_norm 0.32 | tok/s 286,127
step   4570/13952 | loss 1.7413 | lr 8.00e-05 | grad_norm 0.31 | tok/s 285,925
step   4580/13952 | loss 1.7319 | lr 8.00e-05 | grad_norm 0.31 | tok/s 286,087
step   4590/13952 | loss 1.7253 | lr 8.00e-05 | grad_norm 0.32 | tok/s 286,247
step   4600/13952 | loss 1.7319 | lr 8.00e-05 | grad_norm 0.33 | tok/s 286,213
step   4610/13952 | loss 1.7255 | lr 8.00e-05 | grad_norm 0.31 | tok/s 286,237
step   4620/13952 | loss 1.7321 | lr 8.00e-05 | grad_norm 0.36 | tok/s 286,267
step   4630/13952 | loss 1.7335 | lr 8.00e-05 | grad_norm 0.33 | tok/s 286,379
step   4640/13952 | loss 1.7416 | lr 8.00e-05 | grad_norm 0.31 | tok/s 286,213
step   4650/13952 | loss 1.7345 | lr 8.00e-05 | grad_norm 0.33 | tok/s 286,333
step   4660/13952 | loss 1.7278 | lr 8.00e-05 | grad_norm 0.31 | tok/s 286,254
step   4670/13952 | loss 1.7344 | lr 8.00e-05 | grad_norm 0.32 | tok/s 286,184
step   4680/13952 | loss 1.7319 | lr 8.00e-05 | grad_norm 0.31 | tok/s 286,003
step   4690/13952 | loss 1.7195 | lr 8.00e-05 | grad_norm 0.32 | tok/s 285,984
step   4700/13952 | loss 1.7314 | lr 8.00e-05 | grad_norm 0.33 | tok/s 285,933
step   4710/13952 | loss 1.7259 | lr 8.00e-05 | grad_norm 0.34 | tok/s 286,257
step   4720/13952 | loss 1.7300 | lr 8.00e-05 | grad_norm 0.36 | tok/s 286,094
step   4730/13952 | loss 1.7192 | lr 8.00e-05 | grad_norm 0.34 | tok/s 286,266
step   4740/13952 | loss 1.7407 | lr 8.00e-05 | grad_norm 0.37 | tok/s 286,359
step   4750/13952 | loss 1.7340 | lr 8.00e-05 | grad_norm 0.32 | tok/s 286,212
step   4760/13952 | loss 1.7327 | lr 8.00e-05 | grad_norm 0.31 | tok/s 286,275
step   4770/13952 | loss 1.7394 | lr 8.00e-05 | grad_norm 0.33 | tok/s 286,309
step   4780/13952 | loss 1.7175 | lr 8.00e-05 | grad_norm 0.33 | tok/s 286,254
step   4790/13952 | loss 1.7168 | lr 8.00e-05 | grad_norm 0.33 | tok/s 286,262
step   4800/13952 | loss 1.7171 | lr 8.00e-05 | grad_norm 0.31 | tok/s 286,331
step   4810/13952 | loss 1.7325 | lr 8.00e-05 | grad_norm 0.36 | tok/s 286,267
step   4820/13952 | loss 1.7197 | lr 8.00e-05 | grad_norm 0.39 | tok/s 286,365
step   4830/13952 | loss 1.7162 | lr 8.00e-05 | grad_norm 0.34 | tok/s 286,144
step   4840/13952 | loss 1.7188 | lr 8.00e-05 | grad_norm 0.33 | tok/s 286,255
step   4850/13952 | loss 1.7235 | lr 8.00e-05 | grad_norm 0.32 | tok/s 286,296
step   4860/13952 | loss 1.7297 | lr 8.00e-05 | grad_norm 0.33 | tok/s 286,136
step   4870/13952 | loss 1.7183 | lr 8.00e-05 | grad_norm 0.31 | tok/s 286,258
step   4880/13952 | loss 1.7382 | lr 8.00e-05 | grad_norm 0.31 | tok/s 286,270
step   4890/13952 | loss 1.7305 | lr 8.00e-05 | grad_norm 0.33 | tok/s 286,248
step   4900/13952 | loss 1.7182 | lr 8.00e-05 | grad_norm 0.33 | tok/s 286,048
step   4910/13952 | loss 1.7339 | lr 8.00e-05 | grad_norm 0.80 | tok/s 286,035
step   4920/13952 | loss 1.7291 | lr 8.00e-05 | grad_norm 0.39 | tok/s 286,180
step   4930/13952 | loss 1.7279 | lr 8.00e-05 | grad_norm 0.37 | tok/s 286,290
step   4940/13952 | loss 1.7133 | lr 8.00e-05 | grad_norm 0.33 | tok/s 286,205
step   4950/13952 | loss 1.7194 | lr 8.00e-05 | grad_norm 0.34 | tok/s 286,260
step   4960/13952 | loss 1.7172 | lr 8.00e-05 | grad_norm 0.32 | tok/s 286,252
step   4970/13952 | loss 1.7322 | lr 8.00e-05 | grad_norm 0.30 | tok/s 286,180
step   4980/13952 | loss 1.7356 | lr 8.00e-05 | grad_norm 0.32 | tok/s 286,115
step   4990/13952 | loss 1.7040 | lr 8.00e-05 | grad_norm 0.32 | tok/s 286,160
step   5000/13952 | loss 1.7219 | lr 8.00e-05 | grad_norm 0.33 | tok/s 286,234
step   5010/13952 | loss 1.7308 | lr 8.00e-05 | grad_norm 0.32 | tok/s 286,202
step   5020/13952 | loss 1.7238 | lr 8.00e-05 | grad_norm 0.36 | tok/s 286,276
step   5030/13952 | loss 1.7175 | lr 8.00e-05 | grad_norm 0.35 | tok/s 286,314
step   5040/13952 | loss 1.7191 | lr 8.00e-05 | grad_norm 0.88 | tok/s 286,197
step   5050/13952 | loss 1.7149 | lr 8.00e-05 | grad_norm 0.32 | tok/s 286,176
step   5060/13952 | loss 1.7150 | lr 8.00e-05 | grad_norm 0.32 | tok/s 286,260
step   5070/13952 | loss 1.7131 | lr 8.00e-05 | grad_norm 0.32 | tok/s 286,258
step   5080/13952 | loss 1.7123 | lr 8.00e-05 | grad_norm 0.34 | tok/s 286,291
step   5090/13952 | loss 1.7117 | lr 8.00e-05 | grad_norm 0.35 | tok/s 286,249
step   5100/13952 | loss 1.7229 | lr 8.00e-05 | grad_norm 0.33 | tok/s 286,289
step   5110/13952 | loss 1.7237 | lr 8.00e-05 | grad_norm 0.34 | tok/s 286,218
step   5120/13952 | loss 1.7411 | lr 8.00e-05 | grad_norm 0.33 | tok/s 286,354
step   5130/13952 | loss 1.7587 | lr 8.00e-05 | grad_norm 0.32 | tok/s 286,189
step   5140/13952 | loss 1.7531 | lr 8.00e-05 | grad_norm 0.32 | tok/s 286,223
step   5150/13952 | loss 1.7494 | lr 8.00e-05 | grad_norm 0.32 | tok/s 286,334
step   5160/13952 | loss 1.7526 | lr 8.00e-05 | grad_norm 0.33 | tok/s 286,284
step   5170/13952 | loss 1.7432 | lr 8.00e-05 | grad_norm 0.33 | tok/s 286,218
step   5180/13952 | loss 1.7496 | lr 8.00e-05 | grad_norm 0.32 | tok/s 286,236
step   5190/13952 | loss 1.7407 | lr 8.00e-05 | grad_norm 0.35 | tok/s 286,130
step   5200/13952 | loss 1.7405 | lr 8.00e-05 | grad_norm 0.32 | tok/s 286,188
step   5210/13952 | loss 1.7287 | lr 8.00e-05 | grad_norm 0.33 | tok/s 285,998
step   5220/13952 | loss 1.7490 | lr 8.00e-05 | grad_norm 0.34 | tok/s 286,172
step   5230/13952 | loss 1.7326 | lr 8.00e-05 | grad_norm 0.32 | tok/s 286,327
step   5240/13952 | loss 1.7528 | lr 8.00e-05 | grad_norm 0.31 | tok/s 286,293
step   5250/13952 | loss 1.7265 | lr 8.00e-05 | grad_norm 0.31 | tok/s 286,216
step   5260/13952 | loss 1.7436 | lr 8.00e-05 | grad_norm 0.32 | tok/s 286,062
step   5270/13952 | loss 1.7319 | lr 8.00e-05 | grad_norm 0.32 | tok/s 286,344
step   5280/13952 | loss 1.7290 | lr 8.00e-05 | grad_norm 0.33 | tok/s 286,252
step   5290/13952 | loss 1.7430 | lr 8.00e-05 | grad_norm 0.32 | tok/s 286,266
step   5300/13952 | loss 1.7466 | lr 8.00e-05 | grad_norm 0.33 | tok/s 286,212
step   5310/13952 | loss 1.7402 | lr 8.00e-05 | grad_norm 0.32 | tok/s 286,219
step   5320/13952 | loss 1.7381 | lr 8.00e-05 | grad_norm 0.33 | tok/s 286,159
step   5330/13952 | loss 1.7247 | lr 8.00e-05 | grad_norm 0.35 | tok/s 286,177
step   5340/13952 | loss 1.7402 | lr 8.00e-05 | grad_norm 0.33 | tok/s 286,318
step   5350/13952 | loss 1.7422 | lr 8.00e-05 | grad_norm 0.34 | tok/s 286,196
step   5360/13952 | loss 1.7428 | lr 8.00e-05 | grad_norm 0.35 | tok/s 286,148
step   5370/13952 | loss 1.7362 | lr 8.00e-05 | grad_norm 0.32 | tok/s 286,217
step   5380/13952 | loss 1.7373 | lr 8.00e-05 | grad_norm 0.32 | tok/s 286,195
step   5390/13952 | loss 1.7360 | lr 8.00e-05 | grad_norm 0.36 | tok/s 286,132
step   5400/13952 | loss 1.7451 | lr 8.00e-05 | grad_norm 0.31 | tok/s 286,250
step   5410/13952 | loss 1.7294 | lr 8.00e-05 | grad_norm 0.33 | tok/s 286,267
step   5420/13952 | loss 1.7277 | lr 8.00e-05 | grad_norm 0.32 | tok/s 286,174
step   5430/13952 | loss 1.7274 | lr 8.00e-05 | grad_norm 0.33 | tok/s 286,304
step   5440/13952 | loss 1.7458 | lr 8.00e-05 | grad_norm 0.90 | tok/s 286,099
step   5450/13952 | loss 1.7276 | lr 8.00e-05 | grad_norm 0.31 | tok/s 286,203
step   5460/13952 | loss 1.7395 | lr 8.00e-05 | grad_norm 0.32 | tok/s 286,153
step   5470/13952 | loss 1.7140 | lr 8.00e-05 | grad_norm 0.32 | tok/s 286,173
step   5480/13952 | loss 1.7350 | lr 8.00e-05 | grad_norm 0.32 | tok/s 285,983
step   5490/13952 | loss 1.7354 | lr 8.00e-05 | grad_norm 0.32 | tok/s 285,859
step   5500/13952 | loss 1.7402 | lr 8.00e-05 | grad_norm 0.34 | tok/s 285,805
step   5510/13952 | loss 1.7269 | lr 8.00e-05 | grad_norm 0.34 | tok/s 286,148
step   5520/13952 | loss 1.7394 | lr 8.00e-05 | grad_norm 0.34 | tok/s 286,134
step   5530/13952 | loss 1.7266 | lr 8.00e-05 | grad_norm 0.31 | tok/s 286,151
step   5540/13952 | loss 1.7453 | lr 8.00e-05 | grad_norm 0.32 | tok/s 286,051
step   5550/13952 | loss 1.7342 | lr 8.00e-05 | grad_norm 0.33 | tok/s 285,899
step   5560/13952 | loss 1.7390 | lr 8.00e-05 | grad_norm 0.32 | tok/s 285,913
step   5570/13952 | loss 1.7361 | lr 8.00e-05 | grad_norm 0.33 | tok/s 285,920
step   5580/13952 | loss 1.7405 | lr 8.00e-05 | grad_norm 0.31 | tok/s 286,002
step   5590/13952 | loss 1.7328 | lr 8.00e-05 | grad_norm 0.31 | tok/s 286,292
step   5600/13952 | loss 1.7301 | lr 8.00e-05 | grad_norm 0.33 | tok/s 286,324
step   5610/13952 | loss 1.7265 | lr 8.00e-05 | grad_norm 0.31 | tok/s 286,298
step   5620/13952 | loss 1.7346 | lr 8.00e-05 | grad_norm 0.32 | tok/s 286,279
step   5630/13952 | loss 1.7280 | lr 8.00e-05 | grad_norm 0.34 | tok/s 286,374
step   5640/13952 | loss 1.7316 | lr 8.00e-05 | grad_norm 0.32 | tok/s 286,267
step   5650/13952 | loss 1.7388 | lr 8.00e-05 | grad_norm 0.99 | tok/s 286,121
step   5660/13952 | loss 1.7221 | lr 8.00e-05 | grad_norm 0.34 | tok/s 286,034
step   5670/13952 | loss 1.7360 | lr 8.00e-05 | grad_norm 0.31 | tok/s 286,164
step   5680/13952 | loss 1.7334 | lr 8.00e-05 | grad_norm 0.33 | tok/s 286,293
step   5690/13952 | loss 1.7430 | lr 8.00e-05 | grad_norm 0.51 | tok/s 286,368
step   5700/13952 | loss 1.7263 | lr 8.00e-05 | grad_norm 0.33 | tok/s 286,414
step   5710/13952 | loss 1.7339 | lr 8.00e-05 | grad_norm 0.32 | tok/s 286,339
step   5720/13952 | loss 1.7186 | lr 8.00e-05 | grad_norm 0.31 | tok/s 286,166
step   5730/13952 | loss 1.7194 | lr 8.00e-05 | grad_norm 0.32 | tok/s 286,059
step   5740/13952 | loss 1.7406 | lr 8.00e-05 | grad_norm 0.32 | tok/s 286,019
step   5750/13952 | loss 1.7191 | lr 8.00e-05 | grad_norm 0.34 | tok/s 286,336
step   5760/13952 | loss 1.7383 | lr 8.00e-05 | grad_norm 0.32 | tok/s 286,440
step   5770/13952 | loss 1.7224 | lr 8.00e-05 | grad_norm 0.33 | tok/s 286,292
step   5780/13952 | loss 1.7269 | lr 8.00e-05 | grad_norm 0.31 | tok/s 286,304
step   5790/13952 | loss 1.7324 | lr 8.00e-05 | grad_norm 0.40 | tok/s 285,950
step   5800/13952 | loss 1.7460 | lr 8.00e-05 | grad_norm 0.33 | tok/s 286,143
step   5810/13952 | loss 1.7206 | lr 8.00e-05 | grad_norm 0.32 | tok/s 286,248
step   5820/13952 | loss 1.7276 | lr 8.00e-05 | grad_norm 0.33 | tok/s 286,205
step   5830/13952 | loss 1.7394 | lr 8.00e-05 | grad_norm 0.32 | tok/s 286,272
step   5840/13952 | loss 1.7205 | lr 8.00e-05 | grad_norm 0.32 | tok/s 286,263
step   5850/13952 | loss 1.7229 | lr 8.00e-05 | grad_norm 0.32 | tok/s 286,247
step   5860/13952 | loss 1.7185 | lr 8.00e-05 | grad_norm 0.31 | tok/s 286,241
step   5870/13952 | loss 1.7429 | lr 8.00e-05 | grad_norm 0.32 | tok/s 286,051
step   5880/13952 | loss 1.7231 | lr 8.00e-05 | grad_norm 0.34 | tok/s 286,154
step   5890/13952 | loss 1.7256 | lr 8.00e-05 | grad_norm 0.34 | tok/s 286,229
step   5900/13952 | loss 1.7190 | lr 8.00e-05 | grad_norm 0.31 | tok/s 286,183
step   5910/13952 | loss 1.7265 | lr 8.00e-05 | grad_norm 0.36 | tok/s 286,220
step   5920/13952 | loss 1.7279 | lr 8.00e-05 | grad_norm 0.33 | tok/s 286,257
step   5930/13952 | loss 1.7192 | lr 8.00e-05 | grad_norm 0.33 | tok/s 286,269
step   5940/13952 | loss 1.7195 | lr 8.00e-05 | grad_norm 0.33 | tok/s 286,306
step   5950/13952 | loss 1.7224 | lr 8.00e-05 | grad_norm 0.32 | tok/s 286,097
step   5960/13952 | loss 1.7181 | lr 8.00e-05 | grad_norm 0.32 | tok/s 286,225
step   5970/13952 | loss 1.7211 | lr 8.00e-05 | grad_norm 0.96 | tok/s 286,267
step   5980/13952 | loss 1.7289 | lr 8.00e-05 | grad_norm 0.32 | tok/s 286,324
step   5990/13952 | loss 1.7249 | lr 8.00e-05 | grad_norm 0.32 | tok/s 286,253
step   6000/13952 | loss 1.7336 | lr 8.00e-05 | grad_norm 0.31 | tok/s 286,062
step   6010/13952 | loss 1.7227 | lr 8.00e-05 | grad_norm 0.36 | tok/s 286,181
step   6020/13952 | loss 1.7392 | lr 8.00e-05 | grad_norm 0.34 | tok/s 286,226
step   6030/13952 | loss 1.7244 | lr 8.00e-05 | grad_norm 0.33 | tok/s 286,348
step   6040/13952 | loss 1.7238 | lr 8.00e-05 | grad_norm 0.31 | tok/s 286,274
step   6050/13952 | loss 1.7260 | lr 8.00e-05 | grad_norm 0.33 | tok/s 286,210
step   6060/13952 | loss 1.7231 | lr 8.00e-05 | grad_norm 0.35 | tok/s 286,236
step   6070/13952 | loss 1.7267 | lr 8.00e-05 | grad_norm 0.32 | tok/s 285,920
step   6080/13952 | loss 1.7240 | lr 8.00e-05 | grad_norm 0.33 | tok/s 285,781
step   6090/13952 | loss 1.7287 | lr 8.00e-05 | grad_norm 0.32 | tok/s 285,911
step   6100/13952 | loss 1.7230 | lr 8.00e-05 | grad_norm 0.32 | tok/s 285,988
step   6110/13952 | loss 1.7342 | lr 8.00e-05 | grad_norm 0.31 | tok/s 286,046
step   6120/13952 | loss 1.7231 | lr 8.00e-05 | grad_norm 0.33 | tok/s 286,341
step   6130/13952 | loss 1.7219 | lr 8.00e-05 | grad_norm 0.32 | tok/s 286,217
step   6140/13952 | loss 1.7206 | lr 8.00e-05 | grad_norm 0.31 | tok/s 286,303
step   6150/13952 | loss 1.7271 | lr 8.00e-05 | grad_norm 0.34 | tok/s 286,375
step   6160/13952 | loss 1.7331 | lr 8.00e-05 | grad_norm 0.32 | tok/s 286,207
step   6170/13952 | loss 1.7359 | lr 8.00e-05 | grad_norm 0.34 | tok/s 286,175
step   6180/13952 | loss 1.7316 | lr 8.00e-05 | grad_norm 0.35 | tok/s 285,988
step   6190/13952 | loss 1.7244 | lr 8.00e-05 | grad_norm 0.31 | tok/s 285,983
step   6200/13952 | loss 1.7230 | lr 8.00e-05 | grad_norm 0.31 | tok/s 286,163
step   6210/13952 | loss 1.7238 | lr 8.00e-05 | grad_norm 0.34 | tok/s 285,928
step   6220/13952 | loss 1.7191 | lr 8.00e-05 | grad_norm 0.33 | tok/s 286,082
step   6230/13952 | loss 1.7251 | lr 8.00e-05 | grad_norm 0.32 | tok/s 285,925
step   6240/13952 | loss 1.7344 | lr 8.00e-05 | grad_norm 0.32 | tok/s 286,272
step   6250/13952 | loss 1.7296 | lr 8.00e-05 | grad_norm 0.32 | tok/s 286,262
step   6260/13952 | loss 1.7331 | lr 8.00e-05 | grad_norm 0.34 | tok/s 285,988
step   6270/13952 | loss 1.7131 | lr 8.00e-05 | grad_norm 0.33 | tok/s 286,225
step   6280/13952 | loss 1.7227 | lr 8.00e-05 | grad_norm 0.32 | tok/s 286,308
step   6290/13952 | loss 1.7355 | lr 8.00e-05 | grad_norm 0.32 | tok/s 286,214
step   6300/13952 | loss 1.7089 | lr 8.00e-05 | grad_norm 0.31 | tok/s 286,208
step   6310/13952 | loss 1.7364 | lr 8.00e-05 | grad_norm 0.31 | tok/s 286,434
step   6320/13952 | loss 1.7181 | lr 8.00e-05 | grad_norm 0.31 | tok/s 286,372
step   6330/13952 | loss 1.7222 | lr 8.00e-05 | grad_norm 0.33 | tok/s 286,397
step   6340/13952 | loss 1.7368 | lr 8.00e-05 | grad_norm 0.32 | tok/s 286,304
step   6350/13952 | loss 1.7236 | lr 8.00e-05 | grad_norm 0.32 | tok/s 286,193
step   6360/13952 | loss 1.7226 | lr 8.00e-05 | grad_norm 0.31 | tok/s 286,230
step   6370/13952 | loss 1.7407 | lr 8.00e-05 | grad_norm 0.31 | tok/s 286,124
step   6380/13952 | loss 1.7288 | lr 8.00e-05 | grad_norm 0.76 | tok/s 286,011
step   6390/13952 | loss 1.7125 | lr 8.00e-05 | grad_norm 0.31 | tok/s 286,038
step   6400/13952 | loss 1.7381 | lr 8.00e-05 | grad_norm 0.32 | tok/s 286,026
step   6410/13952 | loss 1.7287 | lr 8.00e-05 | grad_norm 0.35 | tok/s 286,184
step   6420/13952 | loss 1.7287 | lr 8.00e-05 | grad_norm 0.34 | tok/s 286,258
step   6430/13952 | loss 1.7069 | lr 8.00e-05 | grad_norm 0.34 | tok/s 286,289
step   6440/13952 | loss 1.7554 | lr 8.00e-05 | grad_norm 0.33 | tok/s 286,151
step   6450/13952 | loss 1.7188 | lr 8.00e-05 | grad_norm 0.34 | tok/s 285,998
step   6460/13952 | loss 1.7126 | lr 8.00e-05 | grad_norm 0.47 | tok/s 285,879
step   6470/13952 | loss 1.7280 | lr 8.00e-05 | grad_norm 0.33 | tok/s 286,233
step   6480/13952 | loss 1.7150 | lr 8.00e-05 | grad_norm 0.37 | tok/s 286,216
step   6490/13952 | loss 1.7205 | lr 8.00e-05 | grad_norm 0.32 | tok/s 286,297
step   6500/13952 | loss 1.7261 | lr 8.00e-05 | grad_norm 0.34 | tok/s 286,368
step   6510/13952 | loss 1.7178 | lr 8.00e-05 | grad_norm 0.32 | tok/s 286,225
step   6520/13952 | loss 1.7045 | lr 8.00e-05 | grad_norm 0.32 | tok/s 286,229
step   6530/13952 | loss 1.7380 | lr 8.00e-05 | grad_norm 0.34 | tok/s 286,358
step   6540/13952 | loss 1.7233 | lr 8.00e-05 | grad_norm 0.33 | tok/s 286,375
step   6550/13952 | loss 1.7132 | lr 8.00e-05 | grad_norm 0.36 | tok/s 286,295
step   6560/13952 | loss 1.7119 | lr 8.00e-05 | grad_norm 0.32 | tok/s 286,237
step   6570/13952 | loss 1.7169 | lr 8.00e-05 | grad_norm 0.34 | tok/s 285,997
step   6580/13952 | loss 1.7132 | lr 8.00e-05 | grad_norm 0.34 | tok/s 285,943
step   6590/13952 | loss 1.7272 | lr 8.00e-05 | grad_norm 0.34 | tok/s 285,989
step   6600/13952 | loss 1.7229 | lr 8.00e-05 | grad_norm 0.33 | tok/s 286,024
step   6610/13952 | loss 1.7344 | lr 8.00e-05 | grad_norm 0.32 | tok/s 285,939
step   6620/13952 | loss 1.7193 | lr 8.00e-05 | grad_norm 0.33 | tok/s 286,366
step   6630/13952 | loss 1.7055 | lr 8.00e-05 | grad_norm 0.31 | tok/s 286,408
step   6640/13952 | loss 1.7198 | lr 8.00e-05 | grad_norm 0.33 | tok/s 286,342
step   6650/13952 | loss 1.7139 | lr 8.00e-05 | grad_norm 0.31 | tok/s 286,397
step   6660/13952 | loss 1.7209 | lr 8.00e-05 | grad_norm 0.32 | tok/s 286,175
step   6670/13952 | loss 1.7411 | lr 8.00e-05 | grad_norm 0.32 | tok/s 285,947
step   6680/13952 | loss 1.7089 | lr 8.00e-05 | grad_norm 0.33 | tok/s 285,944
step   6690/13952 | loss 1.7186 | lr 8.00e-05 | grad_norm 0.35 | tok/s 285,928
step   6700/13952 | loss 1.6997 | lr 8.00e-05 | grad_norm 0.33 | tok/s 285,936
step   6710/13952 | loss 1.7324 | lr 8.00e-05 | grad_norm 0.34 | tok/s 285,994
step   6720/13952 | loss 1.7175 | lr 8.00e-05 | grad_norm 0.36 | tok/s 286,029
step   6730/13952 | loss 1.7192 | lr 8.00e-05 | grad_norm 0.36 | tok/s 286,002
step   6740/13952 | loss 1.7199 | lr 8.00e-05 | grad_norm 0.33 | tok/s 286,009
step   6750/13952 | loss 1.7284 | lr 8.00e-05 | grad_norm 0.31 | tok/s 286,098
step   6760/13952 | loss 1.7184 | lr 8.00e-05 | grad_norm 0.32 | tok/s 286,034
step   6770/13952 | loss 1.7192 | lr 8.00e-05 | grad_norm 0.31 | tok/s 285,988
step   6780/13952 | loss 1.7126 | lr 8.00e-05 | grad_norm 0.33 | tok/s 285,946
step   6790/13952 | loss 1.7123 | lr 8.00e-05 | grad_norm 0.32 | tok/s 286,027
step   6800/13952 | loss 1.7167 | lr 8.00e-05 | grad_norm 0.32 | tok/s 285,893
step   6810/13952 | loss 1.7277 | lr 8.00e-05 | grad_norm 0.31 | tok/s 285,930
step   6820/13952 | loss 1.7079 | lr 8.00e-05 | grad_norm 0.32 | tok/s 286,041
step   6830/13952 | loss 1.7092 | lr 8.00e-05 | grad_norm 0.32 | tok/s 286,354
step   6840/13952 | loss 1.7142 | lr 8.00e-05 | grad_norm 0.32 | tok/s 286,352
step   6850/13952 | loss 1.7008 | lr 8.00e-05 | grad_norm 0.32 | tok/s 286,229
step   6860/13952 | loss 1.7182 | lr 8.00e-05 | grad_norm 0.35 | tok/s 286,175
step   6870/13952 | loss 1.7202 | lr 8.00e-05 | grad_norm 0.34 | tok/s 286,118
step   6880/13952 | loss 1.7314 | lr 8.00e-05 | grad_norm 0.33 | tok/s 286,336
step   6890/13952 | loss 1.7184 | lr 8.00e-05 | grad_norm 0.35 | tok/s 286,299
step   6900/13952 | loss 1.7096 | lr 8.00e-05 | grad_norm 0.32 | tok/s 286,203
step   6910/13952 | loss 1.7179 | lr 8.00e-05 | grad_norm 0.32 | tok/s 286,311
step   6920/13952 | loss 1.7212 | lr 8.00e-05 | grad_norm 0.34 | tok/s 286,288
step   6930/13952 | loss 1.6964 | lr 8.00e-05 | grad_norm 0.32 | tok/s 286,297
step   6940/13952 | loss 1.7135 | lr 8.00e-05 | grad_norm 0.31 | tok/s 286,230
step   6950/13952 | loss 1.7070 | lr 8.00e-05 | grad_norm 0.33 | tok/s 286,203
step   6960/13952 | loss 1.7060 | lr 8.00e-05 | grad_norm 0.34 | tok/s 286,303
step   6970/13952 | loss 1.7210 | lr 8.00e-05 | grad_norm 0.32 | tok/s 286,299
[ckpt] saved -> /mnt/weka/mmusayelyan/tinyllama_ct_uniform_14B_exp/step-6976
step   6980/13952 | loss 1.7168 | lr 8.00e-05 | grad_norm 0.31 | tok/s 226,132
step   6990/13952 | loss 1.7004 | lr 8.00e-05 | grad_norm 0.32 | tok/s 287,421
step   7000/13952 | loss 1.7155 | lr 8.00e-05 | grad_norm 0.60 | tok/s 287,334
step   7010/13952 | loss 1.7043 | lr 8.00e-05 | grad_norm 0.36 | tok/s 287,370
step   7020/13952 | loss 1.7035 | lr 8.00e-05 | grad_norm 0.33 | tok/s 287,328
step   7030/13952 | loss 1.7100 | lr 8.00e-05 | grad_norm 0.33 | tok/s 287,466
step   7040/13952 | loss 1.7176 | lr 8.00e-05 | grad_norm 0.36 | tok/s 287,512
step   7050/13952 | loss 1.7104 | lr 8.00e-05 | grad_norm 0.34 | tok/s 287,500
step   7060/13952 | loss 1.6987 | lr 8.00e-05 | grad_norm 0.32 | tok/s 287,429
step   7070/13952 | loss 1.7030 | lr 8.00e-05 | grad_norm 0.33 | tok/s 287,468
step   7080/13952 | loss 1.6995 | lr 8.00e-05 | grad_norm 0.32 | tok/s 287,413
step   7090/13952 | loss 1.7100 | lr 8.00e-05 | grad_norm 0.34 | tok/s 287,437
step   7100/13952 | loss 1.7284 | lr 8.00e-05 | grad_norm 0.34 | tok/s 287,304
step   7110/13952 | loss 1.6961 | lr 8.00e-05 | grad_norm 0.32 | tok/s 287,503
step   7120/13952 | loss 1.7145 | lr 8.00e-05 | grad_norm 0.32 | tok/s 287,356
step   7130/13952 | loss 1.7188 | lr 8.00e-05 | grad_norm 0.32 | tok/s 287,322
step   7140/13952 | loss 1.7068 | lr 8.00e-05 | grad_norm 0.33 | tok/s 287,446
step   7150/13952 | loss 1.7084 | lr 8.00e-05 | grad_norm 0.51 | tok/s 287,436
step   7160/13952 | loss 1.7178 | lr 8.00e-05 | grad_norm 0.34 | tok/s 287,369
step   7170/13952 | loss 1.7196 | lr 8.00e-05 | grad_norm 0.35 | tok/s 287,428
step   7180/13952 | loss 1.7264 | lr 8.00e-05 | grad_norm 1.97 | tok/s 287,416
step   7190/13952 | loss 1.7319 | lr 8.00e-05 | grad_norm 0.35 | tok/s 287,454
step   7200/13952 | loss 1.7078 | lr 8.00e-05 | grad_norm 0.33 | tok/s 287,496
step   7210/13952 | loss 1.7141 | lr 8.00e-05 | grad_norm 0.31 | tok/s 287,393
step   7220/13952 | loss 1.7184 | lr 8.00e-05 | grad_norm 0.33 | tok/s 287,396
step   7230/13952 | loss 1.7199 | lr 8.00e-05 | grad_norm 1.73 | tok/s 287,528
step   7240/13952 | loss 1.7285 | lr 8.00e-05 | grad_norm 0.32 | tok/s 287,389
step   7250/13952 | loss 1.7254 | lr 8.00e-05 | grad_norm 0.31 | tok/s 287,495
step   7260/13952 | loss 1.7197 | lr 8.00e-05 | grad_norm 0.31 | tok/s 287,372
step   7270/13952 | loss 1.7206 | lr 8.00e-05 | grad_norm 0.36 | tok/s 287,394
step   7280/13952 | loss 1.7253 | lr 8.00e-05 | grad_norm 0.43 | tok/s 287,427
step   7290/13952 | loss 1.7159 | lr 8.00e-05 | grad_norm 0.32 | tok/s 287,333
step   7300/13952 | loss 1.7146 | lr 8.00e-05 | grad_norm 0.32 | tok/s 287,457
step   7310/13952 | loss 1.7226 | lr 8.00e-05 | grad_norm 0.32 | tok/s 287,469
step   7320/13952 | loss 1.7268 | lr 8.00e-05 | grad_norm 0.33 | tok/s 287,419
step   7330/13952 | loss 1.7240 | lr 8.00e-05 | grad_norm 0.31 | tok/s 287,420
step   7340/13952 | loss 1.7263 | lr 8.00e-05 | grad_norm 0.34 | tok/s 287,416
step   7350/13952 | loss 1.7231 | lr 8.00e-05 | grad_norm 0.32 | tok/s 287,335
step   7360/13952 | loss 1.7313 | lr 8.00e-05 | grad_norm 0.35 | tok/s 287,369
step   7370/13952 | loss 1.7186 | lr 8.00e-05 | grad_norm 0.33 | tok/s 287,339
step   7380/13952 | loss 1.7198 | lr 8.00e-05 | grad_norm 0.33 | tok/s 287,394
step   7390/13952 | loss 1.7193 | lr 8.00e-05 | grad_norm 0.32 | tok/s 287,404
step   7400/13952 | loss 1.7143 | lr 8.00e-05 | grad_norm 0.34 | tok/s 287,233
step   7410/13952 | loss 1.7242 | lr 8.00e-05 | grad_norm 0.33 | tok/s 287,300
step   7420/13952 | loss 1.7347 | lr 8.00e-05 | grad_norm 0.54 | tok/s 287,336
step   7430/13952 | loss 1.7126 | lr 8.00e-05 | grad_norm 0.34 | tok/s 287,326
step   7440/13952 | loss 1.7207 | lr 8.00e-05 | grad_norm 0.43 | tok/s 287,358
step   7450/13952 | loss 1.7296 | lr 8.00e-05 | grad_norm 0.33 | tok/s 287,407
step   7460/13952 | loss 1.7396 | lr 8.00e-05 | grad_norm 0.34 | tok/s 287,298
step   7470/13952 | loss 1.7095 | lr 8.00e-05 | grad_norm 0.32 | tok/s 287,461
step   7480/13952 | loss 1.7050 | lr 8.00e-05 | grad_norm 0.33 | tok/s 287,263
step   7490/13952 | loss 1.7196 | lr 8.00e-05 | grad_norm 0.33 | tok/s 287,442
step   7500/13952 | loss 1.7175 | lr 8.00e-05 | grad_norm 0.33 | tok/s 287,393
step   7510/13952 | loss 1.7112 | lr 8.00e-05 | grad_norm 0.32 | tok/s 287,277
step   7520/13952 | loss 1.7271 | lr 8.00e-05 | grad_norm 0.40 | tok/s 287,343
step   7530/13952 | loss 1.7118 | lr 8.00e-05 | grad_norm 0.36 | tok/s 287,450
step   7540/13952 | loss 1.7220 | lr 8.00e-05 | grad_norm 0.36 | tok/s 287,297
step   7550/13952 | loss 1.7022 | lr 8.00e-05 | grad_norm 0.36 | tok/s 287,341
step   7560/13952 | loss 1.7027 | lr 8.00e-05 | grad_norm 0.33 | tok/s 287,510
step   7570/13952 | loss 1.7093 | lr 8.00e-05 | grad_norm 0.46 | tok/s 287,370
step   7580/13952 | loss 1.7065 | lr 8.00e-05 | grad_norm 0.33 | tok/s 287,434
step   7590/13952 | loss 1.7057 | lr 8.00e-05 | grad_norm 0.35 | tok/s 287,405
step   7600/13952 | loss 1.7152 | lr 8.00e-05 | grad_norm 0.33 | tok/s 287,324
step   7610/13952 | loss 1.7144 | lr 8.00e-05 | grad_norm 0.33 | tok/s 287,361
step   7620/13952 | loss 1.7090 | lr 8.00e-05 | grad_norm 0.33 | tok/s 287,506
step   7630/13952 | loss 1.7111 | lr 8.00e-05 | grad_norm 0.34 | tok/s 287,470
step   7640/13952 | loss 1.7168 | lr 8.00e-05 | grad_norm 0.35 | tok/s 287,458
step   7650/13952 | loss 1.7109 | lr 8.00e-05 | grad_norm 0.33 | tok/s 287,478
step   7660/13952 | loss 1.7139 | lr 8.00e-05 | grad_norm 0.36 | tok/s 287,426
step   7670/13952 | loss 1.7019 | lr 8.00e-05 | grad_norm 0.32 | tok/s 287,375
step   7680/13952 | loss 1.7109 | lr 8.00e-05 | grad_norm 0.33 | tok/s 287,482
step   7690/13952 | loss 1.7136 | lr 8.00e-05 | grad_norm 0.35 | tok/s 287,543
step   7700/13952 | loss 1.7152 | lr 8.00e-05 | grad_norm 0.34 | tok/s 287,357
step   7710/13952 | loss 1.7163 | lr 8.00e-05 | grad_norm 0.33 | tok/s 287,453
step   7720/13952 | loss 1.7036 | lr 8.00e-05 | grad_norm 0.33 | tok/s 287,347
step   7730/13952 | loss 1.7230 | lr 8.00e-05 | grad_norm 0.34 | tok/s 287,574
step   7740/13952 | loss 1.7252 | lr 8.00e-05 | grad_norm 1.40 | tok/s 287,444
step   7750/13952 | loss 1.7096 | lr 8.00e-05 | grad_norm 0.34 | tok/s 287,480
step   7760/13952 | loss 1.7089 | lr 8.00e-05 | grad_norm 0.36 | tok/s 287,396
step   7770/13952 | loss 1.7158 | lr 8.00e-05 | grad_norm 0.34 | tok/s 287,446
step   7780/13952 | loss 1.6981 | lr 8.00e-05 | grad_norm 0.40 | tok/s 287,458
step   7790/13952 | loss 1.7183 | lr 8.00e-05 | grad_norm 0.35 | tok/s 287,455
step   7800/13952 | loss 1.7083 | lr 8.00e-05 | grad_norm 0.35 | tok/s 287,530
step   7810/13952 | loss 1.7123 | lr 8.00e-05 | grad_norm 0.35 | tok/s 287,398
step   7820/13952 | loss 1.7013 | lr 8.00e-05 | grad_norm 0.33 | tok/s 287,414
step   7830/13952 | loss 1.7105 | lr 8.00e-05 | grad_norm 0.33 | tok/s 287,437
step   7840/13952 | loss 1.7077 | lr 8.00e-05 | grad_norm 0.35 | tok/s 287,440
step   7850/13952 | loss 1.7190 | lr 8.00e-05 | grad_norm 0.36 | tok/s 287,359
step   7860/13952 | loss 1.7045 | lr 8.00e-05 | grad_norm 0.34 | tok/s 287,447
step   7870/13952 | loss 1.7272 | lr 8.00e-05 | grad_norm 0.39 | tok/s 287,472
step   7880/13952 | loss 1.6923 | lr 8.00e-05 | grad_norm 0.32 | tok/s 287,490
step   7890/13952 | loss 1.7131 | lr 8.00e-05 | grad_norm 0.34 | tok/s 287,345
step   7900/13952 | loss 1.7069 | lr 8.00e-05 | grad_norm 0.36 | tok/s 287,424
step   7910/13952 | loss 1.7099 | lr 8.00e-05 | grad_norm 0.33 | tok/s 287,261
step   7920/13952 | loss 1.6998 | lr 8.00e-05 | grad_norm 0.41 | tok/s 287,453
step   7930/13952 | loss 1.7101 | lr 8.00e-05 | grad_norm 0.35 | tok/s 287,426
step   7940/13952 | loss 1.7212 | lr 8.00e-05 | grad_norm 0.34 | tok/s 287,488
step   7950/13952 | loss 1.7191 | lr 8.00e-05 | grad_norm 0.34 | tok/s 287,339
step   7960/13952 | loss 1.7202 | lr 8.00e-05 | grad_norm 0.35 | tok/s 287,411
step   7970/13952 | loss 1.7190 | lr 8.00e-05 | grad_norm 0.93 | tok/s 287,486
step   7980/13952 | loss 1.7145 | lr 8.00e-05 | grad_norm 0.33 | tok/s 287,377
step   7990/13952 | loss 1.7037 | lr 8.00e-05 | grad_norm 0.31 | tok/s 287,353
step   8000/13952 | loss 1.7095 | lr 8.00e-05 | grad_norm 0.33 | tok/s 287,419
step   8010/13952 | loss 1.7044 | lr 8.00e-05 | grad_norm 0.35 | tok/s 287,421
step   8020/13952 | loss 1.7068 | lr 8.00e-05 | grad_norm 0.34 | tok/s 287,445
step   8030/13952 | loss 1.6997 | lr 8.00e-05 | grad_norm 0.34 | tok/s 287,335
step   8040/13952 | loss 1.6939 | lr 8.00e-05 | grad_norm 0.33 | tok/s 287,459
step   8050/13952 | loss 1.7129 | lr 8.00e-05 | grad_norm 0.33 | tok/s 287,456
step   8060/13952 | loss 1.7061 | lr 8.00e-05 | grad_norm 0.38 | tok/s 287,436
step   8070/13952 | loss 1.7161 | lr 8.00e-05 | grad_norm 0.36 | tok/s 287,360
step   8080/13952 | loss 1.7051 | lr 8.00e-05 | grad_norm 0.31 | tok/s 287,403
step   8090/13952 | loss 1.7147 | lr 8.00e-05 | grad_norm 0.34 | tok/s 287,406
step   8100/13952 | loss 1.7085 | lr 8.00e-05 | grad_norm 0.34 | tok/s 287,380
step   8110/13952 | loss 1.7108 | lr 8.00e-05 | grad_norm 0.31 | tok/s 287,412
step   8120/13952 | loss 1.7025 | lr 8.00e-05 | grad_norm 0.52 | tok/s 287,331
step   8130/13952 | loss 1.7063 | lr 8.00e-05 | grad_norm 0.33 | tok/s 287,462
step   8140/13952 | loss 1.7144 | lr 8.00e-05 | grad_norm 0.34 | tok/s 287,431
step   8150/13952 | loss 1.7028 | lr 8.00e-05 | grad_norm 0.34 | tok/s 287,457
step   8160/13952 | loss 1.7148 | lr 8.00e-05 | grad_norm 0.39 | tok/s 287,438
step   8170/13952 | loss 1.6995 | lr 8.00e-05 | grad_norm 0.34 | tok/s 287,541
step   8180/13952 | loss 1.7021 | lr 8.00e-05 | grad_norm 0.34 | tok/s 287,434
step   8190/13952 | loss 1.7051 | lr 8.00e-05 | grad_norm 0.34 | tok/s 287,490
step   8200/13952 | loss 1.7174 | lr 8.00e-05 | grad_norm 0.35 | tok/s 287,381
step   8210/13952 | loss 1.7121 | lr 8.00e-05 | grad_norm 0.35 | tok/s 287,401
step   8220/13952 | loss 1.7090 | lr 8.00e-05 | grad_norm 0.33 | tok/s 287,413
step   8230/13952 | loss 1.7107 | lr 8.00e-05 | grad_norm 0.35 | tok/s 287,445
step   8240/13952 | loss 1.7041 | lr 8.00e-05 | grad_norm 0.35 | tok/s 287,460
step   8250/13952 | loss 1.7115 | lr 8.00e-05 | grad_norm 0.32 | tok/s 287,315
step   8260/13952 | loss 1.7235 | lr 8.00e-05 | grad_norm 0.34 | tok/s 287,444
step   8270/13952 | loss 1.7069 | lr 8.00e-05 | grad_norm 0.33 | tok/s 287,380
step   8280/13952 | loss 1.6996 | lr 8.00e-05 | grad_norm 0.32 | tok/s 287,501
step   8290/13952 | loss 1.7008 | lr 8.00e-05 | grad_norm 0.33 | tok/s 287,414
step   8300/13952 | loss 1.7116 | lr 8.00e-05 | grad_norm 0.33 | tok/s 287,528
step   8310/13952 | loss 1.7139 | lr 8.00e-05 | grad_norm 0.33 | tok/s 287,429
step   8320/13952 | loss 1.7126 | lr 8.00e-05 | grad_norm 0.34 | tok/s 287,443
step   8330/13952 | loss 1.7077 | lr 8.00e-05 | grad_norm 0.33 | tok/s 287,463
step   8340/13952 | loss 1.7046 | lr 8.00e-05 | grad_norm 0.34 | tok/s 287,462
step   8350/13952 | loss 1.7036 | lr 8.00e-05 | grad_norm 0.33 | tok/s 287,519
step   8360/13952 | loss 1.7056 | lr 8.00e-05 | grad_norm 0.34 | tok/s 287,328
step   8370/13952 | loss 1.7015 | lr 8.00e-05 | grad_norm 0.71 | tok/s 287,407
step   8380/13952 | loss 1.7013 | lr 8.00e-05 | grad_norm 0.35 | tok/s 287,301
step   8390/13952 | loss 1.7053 | lr 8.00e-05 | grad_norm 0.33 | tok/s 287,443
step   8400/13952 | loss 1.7079 | lr 8.00e-05 | grad_norm 0.32 | tok/s 287,448
step   8410/13952 | loss 1.6972 | lr 8.00e-05 | grad_norm 0.35 | tok/s 287,424
step   8420/13952 | loss 1.7055 | lr 8.00e-05 | grad_norm 0.33 | tok/s 287,441
step   8430/13952 | loss 1.7147 | lr 8.00e-05 | grad_norm 0.34 | tok/s 287,388
step   8440/13952 | loss 1.6946 | lr 8.00e-05 | grad_norm 0.33 | tok/s 287,374
step   8450/13952 | loss 1.7130 | lr 8.00e-05 | grad_norm 0.33 | tok/s 287,438
step   8460/13952 | loss 1.7079 | lr 8.00e-05 | grad_norm 0.34 | tok/s 287,477
step   8470/13952 | loss 1.7075 | lr 8.00e-05 | grad_norm 0.33 | tok/s 287,438
step   8480/13952 | loss 1.6991 | lr 8.00e-05 | grad_norm 0.35 | tok/s 287,455
step   8490/13952 | loss 1.6986 | lr 8.00e-05 | grad_norm 0.32 | tok/s 287,455
step   8500/13952 | loss 1.7076 | lr 8.00e-05 | grad_norm 0.35 | tok/s 287,400
step   8510/13952 | loss 1.6950 | lr 8.00e-05 | grad_norm 0.32 | tok/s 287,410
step   8520/13952 | loss 1.6881 | lr 8.00e-05 | grad_norm 0.32 | tok/s 287,349
step   8530/13952 | loss 1.7074 | lr 8.00e-05 | grad_norm 0.31 | tok/s 287,267
step   8540/13952 | loss 1.7125 | lr 8.00e-05 | grad_norm 0.35 | tok/s 287,350
step   8550/13952 | loss 1.7054 | lr 8.00e-05 | grad_norm 0.33 | tok/s 287,360
step   8560/13952 | loss 1.6870 | lr 8.00e-05 | grad_norm 1.07 | tok/s 287,320
step   8570/13952 | loss 1.6972 | lr 8.00e-05 | grad_norm 0.35 | tok/s 287,386
step   8580/13952 | loss 1.6872 | lr 8.00e-05 | grad_norm 0.33 | tok/s 287,511
step   8590/13952 | loss 1.6971 | lr 8.00e-05 | grad_norm 0.33 | tok/s 287,421
step   8600/13952 | loss 1.7016 | lr 8.00e-05 | grad_norm 0.34 | tok/s 287,443
step   8610/13952 | loss 1.6871 | lr 8.00e-05 | grad_norm 0.34 | tok/s 287,413
step   8620/13952 | loss 1.6932 | lr 8.00e-05 | grad_norm 0.32 | tok/s 287,550
step   8630/13952 | loss 1.7007 | lr 8.00e-05 | grad_norm 0.33 | tok/s 287,551
step   8640/13952 | loss 1.6970 | lr 8.00e-05 | grad_norm 0.33 | tok/s 287,446
step   8650/13952 | loss 1.7029 | lr 8.00e-05 | grad_norm 0.34 | tok/s 287,323
step   8660/13952 | loss 1.7034 | lr 8.00e-05 | grad_norm 0.34 | tok/s 287,426
step   8670/13952 | loss 1.7060 | lr 8.00e-05 | grad_norm 0.35 | tok/s 287,471
step   8680/13952 | loss 1.6930 | lr 8.00e-05 | grad_norm 0.35 | tok/s 287,254
step   8690/13952 | loss 1.7046 | lr 8.00e-05 | grad_norm 0.34 | tok/s 286,819
step   8700/13952 | loss 1.7047 | lr 8.00e-05 | grad_norm 0.34 | tok/s 287,343
step   8710/13952 | loss 1.7025 | lr 8.00e-05 | grad_norm 0.32 | tok/s 287,206
step   8720/13952 | loss 1.7018 | lr 8.00e-05 | grad_norm 0.33 | tok/s 287,255
step   8730/13952 | loss 1.7062 | lr 8.00e-05 | grad_norm 0.75 | tok/s 287,545
step   8740/13952 | loss 1.7029 | lr 8.00e-05 | grad_norm 0.33 | tok/s 287,503
step   8750/13952 | loss 1.7176 | lr 8.00e-05 | grad_norm 0.33 | tok/s 287,306
step   8760/13952 | loss 1.6913 | lr 8.00e-05 | grad_norm 0.34 | tok/s 287,552
step   8770/13952 | loss 1.6990 | lr 8.00e-05 | grad_norm 0.32 | tok/s 287,509
step   8780/13952 | loss 1.7056 | lr 8.00e-05 | grad_norm 0.34 | tok/s 287,586
step   8790/13952 | loss 1.6959 | lr 8.00e-05 | grad_norm 0.31 | tok/s 287,453
step   8800/13952 | loss 1.6903 | lr 8.00e-05 | grad_norm 0.34 | tok/s 287,455
step   8810/13952 | loss 1.7003 | lr 8.00e-05 | grad_norm 0.33 | tok/s 287,355
step   8820/13952 | loss 1.6825 | lr 8.00e-05 | grad_norm 0.33 | tok/s 287,471
step   8830/13952 | loss 1.7004 | lr 8.00e-05 | grad_norm 0.32 | tok/s 287,451
step   8840/13952 | loss 1.6930 | lr 8.00e-05 | grad_norm 0.35 | tok/s 287,414
step   8850/13952 | loss 1.7062 | lr 8.00e-05 | grad_norm 0.34 | tok/s 287,398
step   8860/13952 | loss 1.7004 | lr 8.00e-05 | grad_norm 0.36 | tok/s 287,405
step   8870/13952 | loss 1.7076 | lr 8.00e-05 | grad_norm 0.33 | tok/s 287,077
step   8880/13952 | loss 1.6980 | lr 8.00e-05 | grad_norm 0.34 | tok/s 287,335
step   8890/13952 | loss 1.6987 | lr 8.00e-05 | grad_norm 0.33 | tok/s 287,323
step   8900/13952 | loss 1.6883 | lr 8.00e-05 | grad_norm 0.37 | tok/s 287,469
step   8910/13952 | loss 1.6889 | lr 8.00e-05 | grad_norm 0.34 | tok/s 287,374
step   8920/13952 | loss 1.7017 | lr 8.00e-05 | grad_norm 0.32 | tok/s 287,456
step   8930/13952 | loss 1.6858 | lr 8.00e-05 | grad_norm 0.32 | tok/s 287,310
step   8940/13952 | loss 1.7046 | lr 8.00e-05 | grad_norm 0.32 | tok/s 287,309
step   8950/13952 | loss 1.7098 | lr 8.00e-05 | grad_norm 0.33 | tok/s 287,465
step   8960/13952 | loss 1.6925 | lr 8.00e-05 | grad_norm 0.33 | tok/s 287,376
step   8970/13952 | loss 1.7117 | lr 8.00e-05 | grad_norm 0.34 | tok/s 287,414
step   8980/13952 | loss 1.7040 | lr 8.00e-05 | grad_norm 0.34 | tok/s 287,441
step   8990/13952 | loss 1.7135 | lr 8.00e-05 | grad_norm 0.44 | tok/s 287,394
step   9000/13952 | loss 1.6946 | lr 8.00e-05 | grad_norm 0.33 | tok/s 287,581
step   9010/13952 | loss 1.7030 | lr 8.00e-05 | grad_norm 0.34 | tok/s 287,363
step   9020/13952 | loss 1.6999 | lr 8.00e-05 | grad_norm 0.37 | tok/s 287,365
step   9030/13952 | loss 1.6869 | lr 8.00e-05 | grad_norm 0.33 | tok/s 287,490
step   9040/13952 | loss 1.6925 | lr 8.00e-05 | grad_norm 0.35 | tok/s 287,384
step   9050/13952 | loss 1.6774 | lr 8.00e-05 | grad_norm 0.33 | tok/s 287,435
step   9060/13952 | loss 1.6991 | lr 8.00e-05 | grad_norm 0.35 | tok/s 286,890
step   9070/13952 | loss 1.7040 | lr 8.00e-05 | grad_norm 0.39 | tok/s 287,353
step   9080/13952 | loss 1.7026 | lr 8.00e-05 | grad_norm 0.32 | tok/s 287,250
step   9090/13952 | loss 1.7012 | lr 8.00e-05 | grad_norm 0.33 | tok/s 287,360
step   9100/13952 | loss 1.7062 | lr 8.00e-05 | grad_norm 0.33 | tok/s 287,503
step   9110/13952 | loss 1.7027 | lr 8.00e-05 | grad_norm 0.34 | tok/s 286,888
step   9120/13952 | loss 1.6952 | lr 8.00e-05 | grad_norm 0.34 | tok/s 286,841
step   9130/13952 | loss 1.6988 | lr 8.00e-05 | grad_norm 0.35 | tok/s 287,488
step   9140/13952 | loss 1.6885 | lr 8.00e-05 | grad_norm 0.34 | tok/s 287,459
step   9150/13952 | loss 1.6919 | lr 8.00e-05 | grad_norm 0.33 | tok/s 287,536
step   9160/13952 | loss 1.6915 | lr 8.00e-05 | grad_norm 0.35 | tok/s 287,547
step   9170/13952 | loss 1.6928 | lr 8.00e-05 | grad_norm 0.36 | tok/s 287,479
step   9180/13952 | loss 1.6908 | lr 8.00e-05 | grad_norm 0.34 | tok/s 287,518
step   9190/13952 | loss 1.6955 | lr 8.00e-05 | grad_norm 0.33 | tok/s 287,450
step   9200/13952 | loss 1.6852 | lr 8.00e-05 | grad_norm 0.33 | tok/s 287,515
step   9210/13952 | loss 1.6912 | lr 8.00e-05 | grad_norm 0.35 | tok/s 287,516
step   9220/13952 | loss 1.7053 | lr 8.00e-05 | grad_norm 0.33 | tok/s 287,529
step   9230/13952 | loss 1.7083 | lr 8.00e-05 | grad_norm 0.34 | tok/s 287,498
step   9240/13952 | loss 1.7079 | lr 8.00e-05 | grad_norm 0.33 | tok/s 287,544
step   9250/13952 | loss 1.7048 | lr 8.00e-05 | grad_norm 0.33 | tok/s 287,479
step   9260/13952 | loss 1.7007 | lr 8.00e-05 | grad_norm 0.34 | tok/s 287,503
step   9270/13952 | loss 1.7056 | lr 8.00e-05 | grad_norm 0.33 | tok/s 287,443
step   9280/13952 | loss 1.7115 | lr 8.00e-05 | grad_norm 0.35 | tok/s 287,435
step   9290/13952 | loss 1.7066 | lr 8.00e-05 | grad_norm 0.33 | tok/s 287,491
step   9300/13952 | loss 1.7149 | lr 8.00e-05 | grad_norm 0.34 | tok/s 287,488
step   9310/13952 | loss 1.7021 | lr 8.00e-05 | grad_norm 0.34 | tok/s 287,469
step   9320/13952 | loss 1.6928 | lr 8.00e-05 | grad_norm 0.36 | tok/s 287,505
step   9330/13952 | loss 1.6935 | lr 8.00e-05 | grad_norm 0.39 | tok/s 287,471
step   9340/13952 | loss 1.6912 | lr 8.00e-05 | grad_norm 0.34 | tok/s 287,430
step   9350/13952 | loss 1.6879 | lr 8.00e-05 | grad_norm 0.32 | tok/s 287,381
step   9360/13952 | loss 1.6800 | lr 8.00e-05 | grad_norm 0.34 | tok/s 287,427
step   9370/13952 | loss 1.7045 | lr 8.00e-05 | grad_norm 0.36 | tok/s 287,421
step   9380/13952 | loss 1.6914 | lr 8.00e-05 | grad_norm 0.34 | tok/s 287,352
step   9390/13952 | loss 1.7050 | lr 8.00e-05 | grad_norm 0.52 | tok/s 287,513
step   9400/13952 | loss 1.7160 | lr 8.00e-05 | grad_norm 0.31 | tok/s 287,359
step   9410/13952 | loss 1.7025 | lr 8.00e-05 | grad_norm 0.34 | tok/s 287,443
step   9420/13952 | loss 1.6869 | lr 8.00e-05 | grad_norm 0.34 | tok/s 287,425
step   9430/13952 | loss 1.7073 | lr 8.00e-05 | grad_norm 0.32 | tok/s 287,475
step   9440/13952 | loss 1.7026 | lr 8.00e-05 | grad_norm 0.34 | tok/s 287,368
step   9450/13952 | loss 1.6896 | lr 8.00e-05 | grad_norm 0.32 | tok/s 287,454
step   9460/13952 | loss 1.7032 | lr 8.00e-05 | grad_norm 0.35 | tok/s 287,383
step   9470/13952 | loss 1.6875 | lr 8.00e-05 | grad_norm 0.31 | tok/s 287,463
step   9480/13952 | loss 1.6959 | lr 8.00e-05 | grad_norm 0.32 | tok/s 287,406
step   9490/13952 | loss 1.6959 | lr 8.00e-05 | grad_norm 0.33 | tok/s 287,340
step   9500/13952 | loss 1.7023 | lr 8.00e-05 | grad_norm 0.35 | tok/s 287,347
step   9510/13952 | loss 1.6966 | lr 8.00e-05 | grad_norm 0.33 | tok/s 287,470
step   9520/13952 | loss 1.6929 | lr 8.00e-05 | grad_norm 0.31 | tok/s 287,356
step   9530/13952 | loss 1.6982 | lr 8.00e-05 | grad_norm 0.33 | tok/s 287,486
step   9540/13952 | loss 1.6878 | lr 8.00e-05 | grad_norm 0.33 | tok/s 287,414
step   9550/13952 | loss 1.6990 | lr 8.00e-05 | grad_norm 0.33 | tok/s 287,390
step   9560/13952 | loss 1.7074 | lr 8.00e-05 | grad_norm 0.34 | tok/s 287,483
step   9570/13952 | loss 1.7015 | lr 8.00e-05 | grad_norm 0.35 | tok/s 287,305
step   9580/13952 | loss 1.7035 | lr 8.00e-05 | grad_norm 0.34 | tok/s 287,444
step   9590/13952 | loss 1.6926 | lr 8.00e-05 | grad_norm 0.34 | tok/s 287,459
step   9600/13952 | loss 1.6924 | lr 8.00e-05 | grad_norm 0.35 | tok/s 287,504
step   9610/13952 | loss 1.6970 | lr 8.00e-05 | grad_norm 0.35 | tok/s 287,355
step   9620/13952 | loss 1.6844 | lr 8.00e-05 | grad_norm 0.36 | tok/s 287,422
step   9630/13952 | loss 1.6822 | lr 8.00e-05 | grad_norm 0.33 | tok/s 287,362
step   9640/13952 | loss 1.6946 | lr 8.00e-05 | grad_norm 0.33 | tok/s 287,356
step   9650/13952 | loss 1.6948 | lr 8.00e-05 | grad_norm 0.51 | tok/s 287,286
step   9660/13952 | loss 1.6754 | lr 8.00e-05 | grad_norm 0.34 | tok/s 287,456
step   9670/13952 | loss 1.6941 | lr 8.00e-05 | grad_norm 0.33 | tok/s 287,466
step   9680/13952 | loss 1.6964 | lr 8.00e-05 | grad_norm 0.33 | tok/s 287,488
step   9690/13952 | loss 1.6884 | lr 8.00e-05 | grad_norm 0.34 | tok/s 287,366
step   9700/13952 | loss 1.6969 | lr 8.00e-05 | grad_norm 0.35 | tok/s 287,589
step   9710/13952 | loss 1.6937 | lr 8.00e-05 | grad_norm 0.33 | tok/s 287,516
step   9720/13952 | loss 1.6888 | lr 8.00e-05 | grad_norm 0.33 | tok/s 287,436
step   9730/13952 | loss 1.7048 | lr 8.00e-05 | grad_norm 0.33 | tok/s 287,486
step   9740/13952 | loss 1.6746 | lr 8.00e-05 | grad_norm 0.35 | tok/s 287,452
step   9750/13952 | loss 1.6984 | lr 8.00e-05 | grad_norm 0.33 | tok/s 287,545
step   9760/13952 | loss 1.6826 | lr 8.00e-05 | grad_norm 0.37 | tok/s 287,412
step   9770/13952 | loss 1.6961 | lr 8.00e-05 | grad_norm 0.33 | tok/s 287,527
step   9780/13952 | loss 1.6783 | lr 8.00e-05 | grad_norm 0.33 | tok/s 287,579
step   9790/13952 | loss 1.6750 | lr 8.00e-05 | grad_norm 0.33 | tok/s 287,534
step   9800/13952 | loss 1.6945 | lr 8.00e-05 | grad_norm 0.33 | tok/s 287,452
step   9810/13952 | loss 1.6933 | lr 8.00e-05 | grad_norm 0.36 | tok/s 287,567
step   9820/13952 | loss 1.6928 | lr 8.00e-05 | grad_norm 0.35 | tok/s 287,480
step   9830/13952 | loss 1.6902 | lr 8.00e-05 | grad_norm 0.33 | tok/s 287,585
step   9840/13952 | loss 1.6944 | lr 8.00e-05 | grad_norm 0.33 | tok/s 287,438
step   9850/13952 | loss 1.7006 | lr 8.00e-05 | grad_norm 0.34 | tok/s 287,469
step   9860/13952 | loss 1.6901 | lr 8.00e-05 | grad_norm 0.32 | tok/s 287,440
step   9870/13952 | loss 1.6901 | lr 8.00e-05 | grad_norm 0.33 | tok/s 287,540
step   9880/13952 | loss 1.6899 | lr 8.00e-05 | grad_norm 0.35 | tok/s 287,469
step   9890/13952 | loss 1.6941 | lr 8.00e-05 | grad_norm 0.34 | tok/s 287,540
step   9900/13952 | loss 1.6916 | lr 8.00e-05 | grad_norm 0.34 | tok/s 287,451
step   9910/13952 | loss 1.6808 | lr 8.00e-05 | grad_norm 0.34 | tok/s 287,431
step   9920/13952 | loss 1.6769 | lr 8.00e-05 | grad_norm 0.32 | tok/s 287,536
step   9930/13952 | loss 1.6808 | lr 8.00e-05 | grad_norm 0.34 | tok/s 287,472
step   9940/13952 | loss 1.6859 | lr 8.00e-05 | grad_norm 0.32 | tok/s 287,445
step   9950/13952 | loss 1.6863 | lr 8.00e-05 | grad_norm 0.33 | tok/s 287,395
step   9960/13952 | loss 1.6827 | lr 8.00e-05 | grad_norm 0.63 | tok/s 287,413
step   9970/13952 | loss 1.6836 | lr 8.00e-05 | grad_norm 0.35 | tok/s 287,392
step   9980/13952 | loss 1.6939 | lr 8.00e-05 | grad_norm 0.34 | tok/s 287,506
step   9990/13952 | loss 1.7001 | lr 8.00e-05 | grad_norm 0.33 | tok/s 287,360
step  10000/13952 | loss 1.6906 | lr 8.00e-05 | grad_norm 0.33 | tok/s 287,385
step  10010/13952 | loss 1.6786 | lr 8.00e-05 | grad_norm 0.34 | tok/s 287,328
step  10020/13952 | loss 1.6893 | lr 8.00e-05 | grad_norm 0.33 | tok/s 287,260
step  10030/13952 | loss 1.7018 | lr 8.00e-05 | grad_norm 0.31 | tok/s 287,355
step  10040/13952 | loss 1.6785 | lr 8.00e-05 | grad_norm 0.33 | tok/s 287,422
step  10050/13952 | loss 1.6824 | lr 8.00e-05 | grad_norm 0.33 | tok/s 287,264
step  10060/13952 | loss 1.6859 | lr 8.00e-05 | grad_norm 0.36 | tok/s 287,357
step  10070/13952 | loss 1.6912 | lr 8.00e-05 | grad_norm 0.34 | tok/s 287,374
step  10080/13952 | loss 1.6903 | lr 8.00e-05 | grad_norm 0.35 | tok/s 287,381
step  10090/13952 | loss 1.6891 | lr 8.00e-05 | grad_norm 0.32 | tok/s 287,393
step  10100/13952 | loss 1.6979 | lr 8.00e-05 | grad_norm 0.34 | tok/s 287,387
step  10110/13952 | loss 1.6982 | lr 8.00e-05 | grad_norm 0.49 | tok/s 287,427
step  10120/13952 | loss 1.6852 | lr 8.00e-05 | grad_norm 0.34 | tok/s 287,410
step  10130/13952 | loss 1.6797 | lr 8.00e-05 | grad_norm 0.34 | tok/s 287,442
step  10140/13952 | loss 1.6906 | lr 8.00e-05 | grad_norm 0.33 | tok/s 287,310
step  10150/13952 | loss 1.6968 | lr 8.00e-05 | grad_norm 0.33 | tok/s 287,452
step  10160/13952 | loss 1.6917 | lr 8.00e-05 | grad_norm 0.32 | tok/s 287,408
step  10170/13952 | loss 1.6993 | lr 8.00e-05 | grad_norm 0.34 | tok/s 287,441
step  10180/13952 | loss 1.6990 | lr 8.00e-05 | grad_norm 0.34 | tok/s 287,354
step  10190/13952 | loss 1.6762 | lr 8.00e-05 | grad_norm 0.34 | tok/s 287,551
step  10200/13952 | loss 1.6821 | lr 8.00e-05 | grad_norm 0.35 | tok/s 287,523
step  10210/13952 | loss 1.6893 | lr 8.00e-05 | grad_norm 0.33 | tok/s 287,489
step  10220/13952 | loss 1.6815 | lr 8.00e-05 | grad_norm 0.33 | tok/s 287,469
step  10230/13952 | loss 1.6787 | lr 8.00e-05 | grad_norm 0.37 | tok/s 287,582
step  10240/13952 | loss 1.6954 | lr 8.00e-05 | grad_norm 0.34 | tok/s 287,470
step  10250/13952 | loss 1.6928 | lr 8.00e-05 | grad_norm 0.38 | tok/s 287,451
step  10260/13952 | loss 1.7052 | lr 8.00e-05 | grad_norm 0.33 | tok/s 287,468
step  10270/13952 | loss 1.6893 | lr 8.00e-05 | grad_norm 0.34 | tok/s 287,465
step  10280/13952 | loss 1.7063 | lr 8.00e-05 | grad_norm 0.36 | tok/s 286,506
step  10290/13952 | loss 1.6958 | lr 8.00e-05 | grad_norm 0.33 | tok/s 287,128
step  10300/13952 | loss 1.6966 | lr 8.00e-05 | grad_norm 0.33 | tok/s 287,402
step  10310/13952 | loss 1.6937 | lr 8.00e-05 | grad_norm 0.36 | tok/s 287,481
step  10320/13952 | loss 1.6995 | lr 8.00e-05 | grad_norm 0.33 | tok/s 287,561
step  10330/13952 | loss 1.6715 | lr 8.00e-05 | grad_norm 0.33 | tok/s 287,477
step  10340/13952 | loss 1.6933 | lr 8.00e-05 | grad_norm 0.34 | tok/s 287,312
step  10350/13952 | loss 1.6792 | lr 8.00e-05 | grad_norm 0.33 | tok/s 287,467
step  10360/13952 | loss 1.7081 | lr 8.00e-05 | grad_norm 0.34 | tok/s 287,402
step  10370/13952 | loss 1.6810 | lr 8.00e-05 | grad_norm 0.34 | tok/s 287,106
step  10380/13952 | loss 1.6771 | lr 8.00e-05 | grad_norm 0.34 | tok/s 287,343
step  10390/13952 | loss 1.6988 | lr 8.00e-05 | grad_norm 0.34 | tok/s 287,375
step  10400/13952 | loss 1.6947 | lr 8.00e-05 | grad_norm 0.35 | tok/s 287,204
step  10410/13952 | loss 1.6901 | lr 8.00e-05 | grad_norm 0.32 | tok/s 287,349
step  10420/13952 | loss 1.6915 | lr 8.00e-05 | grad_norm 0.46 | tok/s 287,492
step  10430/13952 | loss 1.6870 | lr 8.00e-05 | grad_norm 0.36 | tok/s 287,071
step  10440/13952 | loss 1.6913 | lr 8.00e-05 | grad_norm 0.34 | tok/s 287,311
step  10450/13952 | loss 1.6915 | lr 8.00e-05 | grad_norm 0.37 | tok/s 287,380
step  10460/13952 | loss 1.6778 | lr 8.00e-05 | grad_norm 0.32 | tok/s 287,423
step  10470/13952 | loss 1.6884 | lr 8.00e-05 | grad_norm 0.33 | tok/s 287,374
step  10480/13952 | loss 1.6811 | lr 8.00e-05 | grad_norm 0.35 | tok/s 287,390
step  10490/13952 | loss 1.6841 | lr 8.00e-05 | grad_norm 0.33 | tok/s 287,482
step  10500/13952 | loss 1.6819 | lr 8.00e-05 | grad_norm 0.33 | tok/s 287,421
step  10510/13952 | loss 1.6790 | lr 8.00e-05 | grad_norm 0.33 | tok/s 287,467
step  10520/13952 | loss 1.6928 | lr 8.00e-05 | grad_norm 0.34 | tok/s 287,513
step  10530/13952 | loss 1.6849 | lr 8.00e-05 | grad_norm 0.34 | tok/s 287,382
step  10540/13952 | loss 1.6770 | lr 8.00e-05 | grad_norm 0.32 | tok/s 287,368
step  10550/13952 | loss 1.6938 | lr 8.00e-05 | grad_norm 0.35 | tok/s 287,424
step  10560/13952 | loss 1.6779 | lr 8.00e-05 | grad_norm 0.35 | tok/s 287,309
step  10570/13952 | loss 1.6731 | lr 8.00e-05 | grad_norm 0.34 | tok/s 287,395
step  10580/13952 | loss 1.6796 | lr 8.00e-05 | grad_norm 0.34 | tok/s 287,341
step  10590/13952 | loss 1.6927 | lr 8.00e-05 | grad_norm 0.33 | tok/s 287,537
step  10600/13952 | loss 1.6957 | lr 8.00e-05 | grad_norm 0.33 | tok/s 287,472
step  10610/13952 | loss 1.6835 | lr 8.00e-05 | grad_norm 0.34 | tok/s 287,393
step  10620/13952 | loss 1.6837 | lr 8.00e-05 | grad_norm 0.34 | tok/s 287,354
step  10630/13952 | loss 1.6920 | lr 8.00e-05 | grad_norm 0.41 | tok/s 287,010
step  10640/13952 | loss 1.6931 | lr 8.00e-05 | grad_norm 0.33 | tok/s 286,646
step  10650/13952 | loss 1.6977 | lr 8.00e-05 | grad_norm 0.34 | tok/s 287,449
step  10660/13952 | loss 1.6766 | lr 8.00e-05 | grad_norm 0.36 | tok/s 287,539
step  10670/13952 | loss 1.6793 | lr 8.00e-05 | grad_norm 0.35 | tok/s 287,410
step  10680/13952 | loss 1.6945 | lr 8.00e-05 | grad_norm 0.35 | tok/s 287,578
step  10690/13952 | loss 1.6989 | lr 8.00e-05 | grad_norm 0.34 | tok/s 287,425
step  10700/13952 | loss 1.6832 | lr 8.00e-05 | grad_norm 0.33 | tok/s 287,424
step  10710/13952 | loss 1.6761 | lr 8.00e-05 | grad_norm 0.33 | tok/s 287,527
step  10720/13952 | loss 1.6903 | lr 8.00e-05 | grad_norm 0.33 | tok/s 287,527
step  10730/13952 | loss 1.6960 | lr 8.00e-05 | grad_norm 0.35 | tok/s 287,511
step  10740/13952 | loss 1.6836 | lr 8.00e-05 | grad_norm 0.42 | tok/s 287,291
step  10750/13952 | loss 1.6732 | lr 8.00e-05 | grad_norm 0.34 | tok/s 287,668
step  10760/13952 | loss 1.6759 | lr 8.00e-05 | grad_norm 0.36 | tok/s 287,453
step  10770/13952 | loss 1.6628 | lr 8.00e-05 | grad_norm 0.36 | tok/s 287,451
step  10780/13952 | loss 1.6847 | lr 8.00e-05 | grad_norm 0.36 | tok/s 287,402
step  10790/13952 | loss 1.6781 | lr 8.00e-05 | grad_norm 0.33 | tok/s 287,374
step  10800/13952 | loss 1.6949 | lr 8.00e-05 | grad_norm 0.34 | tok/s 287,467
step  10810/13952 | loss 1.6804 | lr 8.00e-05 | grad_norm 0.34 | tok/s 287,464
step  10820/13952 | loss 1.6940 | lr 8.00e-05 | grad_norm 0.34 | tok/s 287,347
step  10830/13952 | loss 1.6807 | lr 8.00e-05 | grad_norm 0.33 | tok/s 287,340
step  10840/13952 | loss 1.6856 | lr 8.00e-05 | grad_norm 0.35 | tok/s 287,411
step  10850/13952 | loss 1.6839 | lr 8.00e-05 | grad_norm 0.35 | tok/s 287,425
step  10860/13952 | loss 1.6850 | lr 8.00e-05 | grad_norm 0.35 | tok/s 287,284
step  10870/13952 | loss 1.6844 | lr 8.00e-05 | grad_norm 0.39 | tok/s 287,378
step  10880/13952 | loss 1.6948 | lr 8.00e-05 | grad_norm 0.33 | tok/s 287,235
step  10890/13952 | loss 1.6817 | lr 8.00e-05 | grad_norm 0.34 | tok/s 287,335
step  10900/13952 | loss 1.7051 | lr 8.00e-05 | grad_norm 0.33 | tok/s 287,402
step  10910/13952 | loss 1.6889 | lr 8.00e-05 | grad_norm 0.33 | tok/s 287,453
step  10920/13952 | loss 1.6880 | lr 8.00e-05 | grad_norm 0.34 | tok/s 287,368
step  10930/13952 | loss 1.6901 | lr 8.00e-05 | grad_norm 0.39 | tok/s 287,428
step  10940/13952 | loss 1.6821 | lr 8.00e-05 | grad_norm 0.37 | tok/s 287,456
step  10950/13952 | loss 1.6871 | lr 8.00e-05 | grad_norm 0.36 | tok/s 287,389
step  10960/13952 | loss 1.6819 | lr 8.00e-05 | grad_norm 0.36 | tok/s 287,480
step  10970/13952 | loss 1.6736 | lr 8.00e-05 | grad_norm 0.33 | tok/s 287,423
step  10980/13952 | loss 1.6876 | lr 8.00e-05 | grad_norm 0.35 | tok/s 287,321
step  10990/13952 | loss 1.6749 | lr 8.00e-05 | grad_norm 0.34 | tok/s 287,325
step  11000/13952 | loss 1.6761 | lr 8.00e-05 | grad_norm 0.34 | tok/s 287,549
step  11010/13952 | loss 1.6832 | lr 8.00e-05 | grad_norm 0.34 | tok/s 287,388
step  11020/13952 | loss 1.6907 | lr 8.00e-05 | grad_norm 0.39 | tok/s 287,451
step  11030/13952 | loss 1.6875 | lr 8.00e-05 | grad_norm 0.37 | tok/s 287,462
step  11040/13952 | loss 1.6794 | lr 8.00e-05 | grad_norm 0.34 | tok/s 287,531
step  11050/13952 | loss 1.6706 | lr 8.00e-05 | grad_norm 0.35 | tok/s 287,504
step  11060/13952 | loss 1.6820 | lr 8.00e-05 | grad_norm 0.33 | tok/s 287,379
step  11070/13952 | loss 1.6933 | lr 8.00e-05 | grad_norm 0.33 | tok/s 287,490
step  11080/13952 | loss 1.6830 | lr 8.00e-05 | grad_norm 0.36 | tok/s 287,476
step  11090/13952 | loss 1.6999 | lr 8.00e-05 | grad_norm 0.35 | tok/s 287,404
step  11100/13952 | loss 1.6809 | lr 8.00e-05 | grad_norm 0.36 | tok/s 287,515
step  11110/13952 | loss 1.6751 | lr 8.00e-05 | grad_norm 0.34 | tok/s 287,584
step  11120/13952 | loss 1.6700 | lr 8.00e-05 | grad_norm 0.34 | tok/s 287,663
step  11130/13952 | loss 1.6681 | lr 8.00e-05 | grad_norm 0.35 | tok/s 287,537
step  11140/13952 | loss 1.6854 | lr 8.00e-05 | grad_norm 0.34 | tok/s 287,555
step  11150/13952 | loss 1.6924 | lr 8.00e-05 | grad_norm 0.35 | tok/s 287,510
step  11160/13952 | loss 1.6677 | lr 8.00e-05 | grad_norm 0.36 | tok/s 287,548
step  11170/13952 | loss 1.6762 | lr 8.00e-05 | grad_norm 0.37 | tok/s 287,465
step  11180/13952 | loss 1.6760 | lr 8.00e-05 | grad_norm 0.34 | tok/s 287,438
step  11190/13952 | loss 1.6858 | lr 8.00e-05 | grad_norm 0.33 | tok/s 287,625
step  11200/13952 | loss 1.6755 | lr 8.00e-05 | grad_norm 0.35 | tok/s 287,487
step  11210/13952 | loss 1.7009 | lr 7.99e-05 | grad_norm 0.34 | tok/s 287,484
step  11220/13952 | loss 1.6858 | lr 7.99e-05 | grad_norm 0.34 | tok/s 287,373
step  11230/13952 | loss 1.6742 | lr 7.99e-05 | grad_norm 0.33 | tok/s 287,433
step  11240/13952 | loss 1.6772 | lr 7.99e-05 | grad_norm 0.35 | tok/s 287,428
step  11250/13952 | loss 1.6754 | lr 7.98e-05 | grad_norm 0.35 | tok/s 287,321
step  11260/13952 | loss 1.6876 | lr 7.98e-05 | grad_norm 0.35 | tok/s 287,530
step  11270/13952 | loss 1.6835 | lr 7.97e-05 | grad_norm 0.35 | tok/s 287,432
step  11280/13952 | loss 1.7045 | lr 7.97e-05 | grad_norm 0.36 | tok/s 287,471
step  11290/13952 | loss 1.6915 | lr 7.96e-05 | grad_norm 0.35 | tok/s 287,344
step  11300/13952 | loss 1.6868 | lr 7.96e-05 | grad_norm 0.35 | tok/s 287,472
step  11310/13952 | loss 1.6800 | lr 7.95e-05 | grad_norm 0.34 | tok/s 287,455
step  11320/13952 | loss 1.7097 | lr 7.94e-05 | grad_norm 0.32 | tok/s 287,564
step  11330/13952 | loss 1.6909 | lr 7.94e-05 | grad_norm 0.36 | tok/s 287,406
step  11340/13952 | loss 1.6967 | lr 7.93e-05 | grad_norm 0.34 | tok/s 287,393
step  11350/13952 | loss 1.6768 | lr 7.92e-05 | grad_norm 0.36 | tok/s 287,318
step  11360/13952 | loss 1.6823 | lr 7.91e-05 | grad_norm 0.33 | tok/s 287,475
step  11370/13952 | loss 1.6903 | lr 7.90e-05 | grad_norm 0.33 | tok/s 287,342
step  11380/13952 | loss 1.6845 | lr 7.89e-05 | grad_norm 0.35 | tok/s 287,354
step  11390/13952 | loss 1.6871 | lr 7.88e-05 | grad_norm 0.34 | tok/s 287,409
step  11400/13952 | loss 1.6935 | lr 7.87e-05 | grad_norm 0.34 | tok/s 287,326
step  11410/13952 | loss 1.6760 | lr 7.86e-05 | grad_norm 0.35 | tok/s 287,500
step  11420/13952 | loss 1.6732 | lr 7.85e-05 | grad_norm 0.35 | tok/s 287,453
step  11430/13952 | loss 1.6737 | lr 7.84e-05 | grad_norm 0.35 | tok/s 287,431
step  11440/13952 | loss 1.6958 | lr 7.83e-05 | grad_norm 0.34 | tok/s 287,583
step  11450/13952 | loss 1.6946 | lr 7.81e-05 | grad_norm 0.34 | tok/s 287,519
step  11460/13952 | loss 1.6731 | lr 7.80e-05 | grad_norm 0.36 | tok/s 287,576
step  11470/13952 | loss 1.6938 | lr 7.79e-05 | grad_norm 0.34 | tok/s 287,681
step  11480/13952 | loss 1.7000 | lr 7.77e-05 | grad_norm 0.38 | tok/s 287,557
step  11490/13952 | loss 1.6829 | lr 7.76e-05 | grad_norm 0.32 | tok/s 287,476
step  11500/13952 | loss 1.7036 | lr 7.74e-05 | grad_norm 0.34 | tok/s 287,557
step  11510/13952 | loss 1.6956 | lr 7.73e-05 | grad_norm 0.34 | tok/s 287,526
step  11520/13952 | loss 1.6784 | lr 7.71e-05 | grad_norm 0.34 | tok/s 287,583
step  11530/13952 | loss 1.6809 | lr 7.70e-05 | grad_norm 0.34 | tok/s 287,621
step  11540/13952 | loss 1.6856 | lr 7.68e-05 | grad_norm 0.34 | tok/s 287,580
step  11550/13952 | loss 1.6818 | lr 7.66e-05 | grad_norm 0.35 | tok/s 287,391
step  11560/13952 | loss 1.6777 | lr 7.64e-05 | grad_norm 0.35 | tok/s 287,511
step  11570/13952 | loss 1.6836 | lr 7.63e-05 | grad_norm 0.34 | tok/s 287,527
step  11580/13952 | loss 1.6783 | lr 7.61e-05 | grad_norm 0.33 | tok/s 287,534
step  11590/13952 | loss 1.6741 | lr 7.59e-05 | grad_norm 0.36 | tok/s 287,505
step  11600/13952 | loss 1.6756 | lr 7.57e-05 | grad_norm 0.32 | tok/s 287,575
step  11610/13952 | loss 1.6740 | lr 7.55e-05 | grad_norm 0.32 | tok/s 287,481
step  11620/13952 | loss 1.6837 | lr 7.53e-05 | grad_norm 0.33 | tok/s 287,468
step  11630/13952 | loss 1.6992 | lr 7.51e-05 | grad_norm 0.34 | tok/s 287,594
step  11640/13952 | loss 1.6816 | lr 7.49e-05 | grad_norm 0.35 | tok/s 287,572
step  11650/13952 | loss 1.6945 | lr 7.47e-05 | grad_norm 0.34 | tok/s 287,502
step  11660/13952 | loss 1.6710 | lr 7.45e-05 | grad_norm 0.34 | tok/s 287,608
step  11670/13952 | loss 1.6805 | lr 7.43e-05 | grad_norm 0.34 | tok/s 287,538
step  11680/13952 | loss 1.6891 | lr 7.40e-05 | grad_norm 0.33 | tok/s 287,550
step  11690/13952 | loss 1.6793 | lr 7.38e-05 | grad_norm 0.33 | tok/s 287,554
step  11700/13952 | loss 1.6782 | lr 7.36e-05 | grad_norm 0.34 | tok/s 287,614
step  11710/13952 | loss 1.6691 | lr 7.34e-05 | grad_norm 0.33 | tok/s 287,577
step  11720/13952 | loss 1.6780 | lr 7.31e-05 | grad_norm 0.38 | tok/s 287,532
step  11730/13952 | loss 1.6963 | lr 7.29e-05 | grad_norm 0.32 | tok/s 287,463
step  11740/13952 | loss 1.6776 | lr 7.26e-05 | grad_norm 0.33 | tok/s 287,569
step  11750/13952 | loss 1.6643 | lr 7.24e-05 | grad_norm 0.33 | tok/s 287,557
step  11760/13952 | loss 1.6793 | lr 7.21e-05 | grad_norm 0.32 | tok/s 287,407
step  11770/13952 | loss 1.6854 | lr 7.19e-05 | grad_norm 0.35 | tok/s 287,497
step  11780/13952 | loss 1.6735 | lr 7.16e-05 | grad_norm 0.33 | tok/s 287,499
step  11790/13952 | loss 1.6847 | lr 7.14e-05 | grad_norm 0.34 | tok/s 287,443
step  11800/13952 | loss 1.6807 | lr 7.11e-05 | grad_norm 0.33 | tok/s 287,670
step  11810/13952 | loss 1.6810 | lr 7.08e-05 | grad_norm 0.36 | tok/s 287,571
step  11820/13952 | loss 1.6811 | lr 7.06e-05 | grad_norm 0.34 | tok/s 287,522
step  11830/13952 | loss 1.6777 | lr 7.03e-05 | grad_norm 0.32 | tok/s 287,560
step  11840/13952 | loss 1.6766 | lr 7.00e-05 | grad_norm 0.32 | tok/s 287,595
step  11850/13952 | loss 1.6799 | lr 6.97e-05 | grad_norm 0.36 | tok/s 287,612
step  11860/13952 | loss 1.6778 | lr 6.94e-05 | grad_norm 0.33 | tok/s 287,671
step  11870/13952 | loss 1.6768 | lr 6.92e-05 | grad_norm 0.32 | tok/s 287,641
step  11880/13952 | loss 1.6729 | lr 6.89e-05 | grad_norm 0.37 | tok/s 287,495
step  11890/13952 | loss 1.6785 | lr 6.86e-05 | grad_norm 0.34 | tok/s 287,659
step  11900/13952 | loss 1.6744 | lr 6.83e-05 | grad_norm 0.34 | tok/s 287,665
step  11910/13952 | loss 1.6846 | lr 6.80e-05 | grad_norm 0.35 | tok/s 287,609
step  11920/13952 | loss 1.6715 | lr 6.77e-05 | grad_norm 0.33 | tok/s 287,861
step  11930/13952 | loss 1.6788 | lr 6.74e-05 | grad_norm 0.35 | tok/s 287,728
step  11940/13952 | loss 1.6816 | lr 6.70e-05 | grad_norm 0.32 | tok/s 287,804
step  11950/13952 | loss 1.6767 | lr 6.67e-05 | grad_norm 0.34 | tok/s 287,791
step  11960/13952 | loss 1.6628 | lr 6.64e-05 | grad_norm 0.32 | tok/s 287,683
step  11970/13952 | loss 1.6721 | lr 6.61e-05 | grad_norm 0.34 | tok/s 287,546
step  11980/13952 | loss 1.6650 | lr 6.58e-05 | grad_norm 0.33 | tok/s 287,514
step  11990/13952 | loss 1.6671 | lr 6.55e-05 | grad_norm 0.32 | tok/s 287,505
step  12000/13952 | loss 1.6631 | lr 6.51e-05 | grad_norm 0.33 | tok/s 287,413
step  12010/13952 | loss 1.6700 | lr 6.48e-05 | grad_norm 0.34 | tok/s 287,525
step  12020/13952 | loss 1.6722 | lr 6.45e-05 | grad_norm 0.32 | tok/s 287,617
step  12030/13952 | loss 1.6702 | lr 6.41e-05 | grad_norm 0.34 | tok/s 287,615
step  12040/13952 | loss 1.6709 | lr 6.38e-05 | grad_norm 0.33 | tok/s 287,611
step  12050/13952 | loss 1.6771 | lr 6.35e-05 | grad_norm 0.34 | tok/s 287,517
step  12060/13952 | loss 1.6718 | lr 6.31e-05 | grad_norm 0.32 | tok/s 287,569
step  12070/13952 | loss 1.6730 | lr 6.28e-05 | grad_norm 0.34 | tok/s 287,530
step  12080/13952 | loss 1.6655 | lr 6.24e-05 | grad_norm 0.32 | tok/s 287,552
step  12090/13952 | loss 1.6689 | lr 6.21e-05 | grad_norm 0.32 | tok/s 287,510
step  12100/13952 | loss 1.6779 | lr 6.17e-05 | grad_norm 0.33 | tok/s 287,665
step  12110/13952 | loss 1.6678 | lr 6.14e-05 | grad_norm 0.73 | tok/s 287,578
step  12120/13952 | loss 1.6698 | lr 6.10e-05 | grad_norm 0.32 | tok/s 287,586
step  12130/13952 | loss 1.6733 | lr 6.06e-05 | grad_norm 0.31 | tok/s 287,635
step  12140/13952 | loss 1.6794 | lr 6.03e-05 | grad_norm 0.32 | tok/s 287,661
step  12150/13952 | loss 1.6612 | lr 5.99e-05 | grad_norm 0.31 | tok/s 287,464
step  12160/13952 | loss 1.6878 | lr 5.96e-05 | grad_norm 0.32 | tok/s 287,624
step  12170/13952 | loss 1.6655 | lr 5.92e-05 | grad_norm 0.32 | tok/s 287,475
step  12180/13952 | loss 1.6581 | lr 5.88e-05 | grad_norm 0.32 | tok/s 287,580
step  12190/13952 | loss 1.6696 | lr 5.85e-05 | grad_norm 0.30 | tok/s 287,501
step  12200/13952 | loss 1.6742 | lr 5.81e-05 | grad_norm 0.32 | tok/s 287,653
step  12210/13952 | loss 1.6585 | lr 5.77e-05 | grad_norm 0.31 | tok/s 287,599
step  12220/13952 | loss 1.6680 | lr 5.73e-05 | grad_norm 0.32 | tok/s 287,670
step  12230/13952 | loss 1.6651 | lr 5.70e-05 | grad_norm 0.31 | tok/s 287,677
step  12240/13952 | loss 1.6516 | lr 5.66e-05 | grad_norm 0.31 | tok/s 287,673
step  12250/13952 | loss 1.6732 | lr 5.62e-05 | grad_norm 0.32 | tok/s 287,737
step  12260/13952 | loss 1.6612 | lr 5.58e-05 | grad_norm 0.34 | tok/s 287,676
step  12270/13952 | loss 1.6766 | lr 5.54e-05 | grad_norm 0.32 | tok/s 287,836
step  12280/13952 | loss 1.6784 | lr 5.50e-05 | grad_norm 0.32 | tok/s 287,680
step  12290/13952 | loss 1.6678 | lr 5.47e-05 | grad_norm 0.32 | tok/s 287,802
step  12300/13952 | loss 1.6663 | lr 5.43e-05 | grad_norm 0.30 | tok/s 287,755
step  12310/13952 | loss 1.6639 | lr 5.39e-05 | grad_norm 0.31 | tok/s 287,744
step  12320/13952 | loss 1.6715 | lr 5.35e-05 | grad_norm 0.32 | tok/s 287,858
step  12330/13952 | loss 1.6650 | lr 5.31e-05 | grad_norm 0.30 | tok/s 287,772
step  12340/13952 | loss 1.6754 | lr 5.27e-05 | grad_norm 0.31 | tok/s 287,784
step  12350/13952 | loss 1.6729 | lr 5.23e-05 | grad_norm 0.32 | tok/s 287,790
step  12360/13952 | loss 1.6814 | lr 5.19e-05 | grad_norm 0.31 | tok/s 287,909
step  12370/13952 | loss 1.6657 | lr 5.15e-05 | grad_norm 0.33 | tok/s 287,827
step  12380/13952 | loss 1.6542 | lr 5.11e-05 | grad_norm 0.31 | tok/s 287,844
step  12390/13952 | loss 1.6674 | lr 5.07e-05 | grad_norm 0.46 | tok/s 287,831
step  12400/13952 | loss 1.6915 | lr 5.03e-05 | grad_norm 0.36 | tok/s 287,694
step  12410/13952 | loss 1.6642 | lr 4.99e-05 | grad_norm 0.32 | tok/s 287,814
step  12420/13952 | loss 1.6715 | lr 4.95e-05 | grad_norm 0.30 | tok/s 287,935
step  12430/13952 | loss 1.6653 | lr 4.91e-05 | grad_norm 0.30 | tok/s 287,662
step  12440/13952 | loss 1.6786 | lr 4.87e-05 | grad_norm 0.32 | tok/s 287,888
step  12450/13952 | loss 1.6755 | lr 4.83e-05 | grad_norm 0.52 | tok/s 287,755
step  12460/13952 | loss 1.6614 | lr 4.79e-05 | grad_norm 0.36 | tok/s 287,726
step  12470/13952 | loss 1.6743 | lr 4.75e-05 | grad_norm 0.32 | tok/s 287,723
step  12480/13952 | loss 1.6639 | lr 4.71e-05 | grad_norm 0.30 | tok/s 287,627
step  12490/13952 | loss 1.6679 | lr 4.67e-05 | grad_norm 0.33 | tok/s 287,795
step  12500/13952 | loss 1.6607 | lr 4.63e-05 | grad_norm 0.31 | tok/s 287,683
step  12510/13952 | loss 1.6890 | lr 4.59e-05 | grad_norm 0.37 | tok/s 287,713
step  12520/13952 | loss 1.6804 | lr 4.55e-05 | grad_norm 0.31 | tok/s 287,729
step  12530/13952 | loss 1.6664 | lr 4.51e-05 | grad_norm 0.32 | tok/s 287,626
step  12540/13952 | loss 1.6813 | lr 4.47e-05 | grad_norm 0.31 | tok/s 287,591
step  12550/13952 | loss 1.6564 | lr 4.43e-05 | grad_norm 0.30 | tok/s 287,581
step  12560/13952 | loss 1.6702 | lr 4.39e-05 | grad_norm 0.30 | tok/s 287,746
step  12570/13952 | loss 1.6660 | lr 4.35e-05 | grad_norm 0.31 | tok/s 287,662
step  12580/13952 | loss 1.6712 | lr 4.31e-05 | grad_norm 0.31 | tok/s 287,778
step  12590/13952 | loss 1.6777 | lr 4.27e-05 | grad_norm 0.33 | tok/s 287,827
step  12600/13952 | loss 1.6710 | lr 4.23e-05 | grad_norm 0.30 | tok/s 287,757
step  12610/13952 | loss 1.6611 | lr 4.19e-05 | grad_norm 0.31 | tok/s 287,725
step  12620/13952 | loss 1.6754 | lr 4.14e-05 | grad_norm 0.31 | tok/s 287,750
step  12630/13952 | loss 1.6661 | lr 4.10e-05 | grad_norm 0.31 | tok/s 287,813
step  12640/13952 | loss 1.6773 | lr 4.06e-05 | grad_norm 0.29 | tok/s 287,769
step  12650/13952 | loss 1.6673 | lr 4.02e-05 | grad_norm 0.30 | tok/s 287,769
step  12660/13952 | loss 1.6688 | lr 3.98e-05 | grad_norm 0.34 | tok/s 287,678
step  12670/13952 | loss 1.6571 | lr 3.94e-05 | grad_norm 0.32 | tok/s 287,604
step  12680/13952 | loss 1.6703 | lr 3.90e-05 | grad_norm 0.30 | tok/s 287,724
step  12690/13952 | loss 1.6542 | lr 3.86e-05 | grad_norm 0.32 | tok/s 287,671
step  12700/13952 | loss 1.6572 | lr 3.82e-05 | grad_norm 0.29 | tok/s 287,617
step  12710/13952 | loss 1.6665 | lr 3.78e-05 | grad_norm 0.30 | tok/s 287,657
step  12720/13952 | loss 1.6507 | lr 3.74e-05 | grad_norm 0.29 | tok/s 287,616
step  12730/13952 | loss 1.6645 | lr 3.70e-05 | grad_norm 0.31 | tok/s 287,691
step  12740/13952 | loss 1.6608 | lr 3.66e-05 | grad_norm 0.29 | tok/s 287,635
step  12750/13952 | loss 1.6580 | lr 3.62e-05 | grad_norm 0.30 | tok/s 287,829
step  12760/13952 | loss 1.6702 | lr 3.58e-05 | grad_norm 0.32 | tok/s 287,686
step  12770/13952 | loss 1.6630 | lr 3.54e-05 | grad_norm 0.31 | tok/s 287,711
step  12780/13952 | loss 1.6639 | lr 3.51e-05 | grad_norm 0.29 | tok/s 287,692
step  12790/13952 | loss 1.6728 | lr 3.47e-05 | grad_norm 0.30 | tok/s 287,762
step  12800/13952 | loss 1.6611 | lr 3.43e-05 | grad_norm 0.30 | tok/s 287,826
step  12810/13952 | loss 1.6574 | lr 3.39e-05 | grad_norm 0.30 | tok/s 287,672
step  12820/13952 | loss 1.6540 | lr 3.35e-05 | grad_norm 0.30 | tok/s 287,659
step  12830/13952 | loss 1.6563 | lr 3.31e-05 | grad_norm 0.30 | tok/s 287,774
step  12840/13952 | loss 1.6673 | lr 3.27e-05 | grad_norm 0.29 | tok/s 287,698
step  12850/13952 | loss 1.6457 | lr 3.23e-05 | grad_norm 0.29 | tok/s 287,842
step  12860/13952 | loss 1.6601 | lr 3.20e-05 | grad_norm 0.29 | tok/s 287,743
step  12870/13952 | loss 1.6578 | lr 3.16e-05 | grad_norm 0.31 | tok/s 287,632
step  12880/13952 | loss 1.6606 | lr 3.12e-05 | grad_norm 0.29 | tok/s 287,638
step  12890/13952 | loss 1.6685 | lr 3.08e-05 | grad_norm 0.28 | tok/s 287,524
step  12900/13952 | loss 1.6549 | lr 3.04e-05 | grad_norm 0.30 | tok/s 287,573
step  12910/13952 | loss 1.6602 | lr 3.01e-05 | grad_norm 0.28 | tok/s 287,632
step  12920/13952 | loss 1.6615 | lr 2.97e-05 | grad_norm 0.30 | tok/s 287,579
step  12930/13952 | loss 1.6672 | lr 2.93e-05 | grad_norm 0.32 | tok/s 287,516
step  12940/13952 | loss 1.6699 | lr 2.90e-05 | grad_norm 0.28 | tok/s 287,650
step  12950/13952 | loss 1.6549 | lr 2.86e-05 | grad_norm 0.29 | tok/s 287,571
step  12960/13952 | loss 1.6564 | lr 2.82e-05 | grad_norm 0.29 | tok/s 287,607
step  12970/13952 | loss 1.6614 | lr 2.79e-05 | grad_norm 0.29 | tok/s 287,535
step  12980/13952 | loss 1.6668 | lr 2.75e-05 | grad_norm 0.31 | tok/s 287,653
step  12990/13952 | loss 1.6619 | lr 2.71e-05 | grad_norm 0.29 | tok/s 287,641
step  13000/13952 | loss 1.6535 | lr 2.68e-05 | grad_norm 0.29 | tok/s 287,603
step  13010/13952 | loss 1.6618 | lr 2.64e-05 | grad_norm 0.30 | tok/s 287,512
step  13020/13952 | loss 1.6532 | lr 2.61e-05 | grad_norm 0.30 | tok/s 287,485
step  13030/13952 | loss 1.6669 | lr 2.57e-05 | grad_norm 0.29 | tok/s 287,583
step  13040/13952 | loss 1.6571 | lr 2.54e-05 | grad_norm 0.29 | tok/s 287,461
step  13050/13952 | loss 1.6593 | lr 2.50e-05 | grad_norm 0.30 | tok/s 287,544
step  13060/13952 | loss 1.6599 | lr 2.47e-05 | grad_norm 0.29 | tok/s 287,600
step  13070/13952 | loss 1.6663 | lr 2.43e-05 | grad_norm 0.29 | tok/s 287,530
step  13080/13952 | loss 1.6735 | lr 2.40e-05 | grad_norm 0.29 | tok/s 287,504
step  13090/13952 | loss 1.6603 | lr 2.37e-05 | grad_norm 0.30 | tok/s 287,600
step  13100/13952 | loss 1.6558 | lr 2.33e-05 | grad_norm 0.29 | tok/s 287,558
step  13110/13952 | loss 1.6530 | lr 2.30e-05 | grad_norm 0.28 | tok/s 287,556
step  13120/13952 | loss 1.6714 | lr 2.27e-05 | grad_norm 0.63 | tok/s 287,569
step  13130/13952 | loss 1.6673 | lr 2.24e-05 | grad_norm 0.29 | tok/s 287,560
step  13140/13952 | loss 1.6538 | lr 2.20e-05 | grad_norm 0.29 | tok/s 287,603
step  13150/13952 | loss 1.6660 | lr 2.17e-05 | grad_norm 0.30 | tok/s 287,491
step  13160/13952 | loss 1.6557 | lr 2.14e-05 | grad_norm 0.29 | tok/s 287,544
step  13170/13952 | loss 1.6709 | lr 2.11e-05 | grad_norm 0.29 | tok/s 287,504
step  13180/13952 | loss 1.6605 | lr 2.08e-05 | grad_norm 0.29 | tok/s 287,625
step  13190/13952 | loss 1.6673 | lr 2.05e-05 | grad_norm 0.29 | tok/s 287,591
step  13200/13952 | loss 1.6480 | lr 2.02e-05 | grad_norm 0.29 | tok/s 287,630
step  13210/13952 | loss 1.6555 | lr 1.99e-05 | grad_norm 0.29 | tok/s 287,580
step  13220/13952 | loss 1.6742 | lr 1.96e-05 | grad_norm 0.29 | tok/s 287,626
step  13230/13952 | loss 1.6649 | lr 1.93e-05 | grad_norm 0.30 | tok/s 287,798
step  13240/13952 | loss 1.6625 | lr 1.90e-05 | grad_norm 0.28 | tok/s 287,662
step  13250/13952 | loss 1.6482 | lr 1.87e-05 | grad_norm 0.29 | tok/s 287,611
step  13260/13952 | loss 1.6592 | lr 1.84e-05 | grad_norm 0.30 | tok/s 287,455
step  13270/13952 | loss 1.6595 | lr 1.81e-05 | grad_norm 0.28 | tok/s 287,602
step  13280/13952 | loss 1.6615 | lr 1.78e-05 | grad_norm 0.29 | tok/s 287,592
step  13290/13952 | loss 1.6638 | lr 1.75e-05 | grad_norm 0.28 | tok/s 287,616
step  13300/13952 | loss 1.6512 | lr 1.73e-05 | grad_norm 0.28 | tok/s 287,709
step  13310/13952 | loss 1.6484 | lr 1.70e-05 | grad_norm 0.28 | tok/s 287,582
step  13320/13952 | loss 1.6632 | lr 1.67e-05 | grad_norm 0.29 | tok/s 287,623
step  13330/13952 | loss 1.6677 | lr 1.65e-05 | grad_norm 0.29 | tok/s 287,528
step  13340/13952 | loss 1.6730 | lr 1.62e-05 | grad_norm 0.28 | tok/s 287,637
step  13350/13952 | loss 1.6665 | lr 1.60e-05 | grad_norm 0.30 | tok/s 287,595
step  13360/13952 | loss 1.6663 | lr 1.57e-05 | grad_norm 0.29 | tok/s 287,630
step  13370/13952 | loss 1.6614 | lr 1.55e-05 | grad_norm 0.29 | tok/s 287,580
step  13380/13952 | loss 1.6588 | lr 1.52e-05 | grad_norm 0.29 | tok/s 287,582
step  13390/13952 | loss 1.6832 | lr 1.50e-05 | grad_norm 0.28 | tok/s 287,689
step  13400/13952 | loss 1.6727 | lr 1.47e-05 | grad_norm 0.31 | tok/s 287,545
step  13410/13952 | loss 1.6618 | lr 1.45e-05 | grad_norm 0.30 | tok/s 287,554
step  13420/13952 | loss 1.6650 | lr 1.43e-05 | grad_norm 0.28 | tok/s 287,528
step  13430/13952 | loss 1.6813 | lr 1.40e-05 | grad_norm 0.28 | tok/s 287,646
step  13440/13952 | loss 1.6620 | lr 1.38e-05 | grad_norm 0.28 | tok/s 287,625
step  13450/13952 | loss 1.6605 | lr 1.36e-05 | grad_norm 0.28 | tok/s 287,564
step  13460/13952 | loss 1.6692 | lr 1.34e-05 | grad_norm 0.28 | tok/s 287,618
step  13470/13952 | loss 1.6725 | lr 1.32e-05 | grad_norm 0.28 | tok/s 287,558
step  13480/13952 | loss 1.6734 | lr 1.30e-05 | grad_norm 0.29 | tok/s 287,512
step  13490/13952 | loss 1.6749 | lr 1.28e-05 | grad_norm 0.28 | tok/s 287,503
step  13500/13952 | loss 1.6662 | lr 1.26e-05 | grad_norm 0.31 | tok/s 287,590
step  13510/13952 | loss 1.6648 | lr 1.24e-05 | grad_norm 0.29 | tok/s 287,431
step  13520/13952 | loss 1.6782 | lr 1.22e-05 | grad_norm 0.29 | tok/s 287,543
step  13530/13952 | loss 1.6840 | lr 1.20e-05 | grad_norm 0.28 | tok/s 287,533
step  13540/13952 | loss 1.6700 | lr 1.18e-05 | grad_norm 0.30 | tok/s 287,592
step  13550/13952 | loss 1.6671 | lr 1.16e-05 | grad_norm 0.29 | tok/s 287,568
step  13560/13952 | loss 1.6666 | lr 1.15e-05 | grad_norm 0.28 | tok/s 287,534
step  13570/13952 | loss 1.6776 | lr 1.13e-05 | grad_norm 0.28 | tok/s 287,558
step  13580/13952 | loss 1.6598 | lr 1.11e-05 | grad_norm 0.29 | tok/s 287,631
step  13590/13952 | loss 1.6717 | lr 1.09e-05 | grad_norm 0.28 | tok/s 287,563
step  13600/13952 | loss 1.6771 | lr 1.08e-05 | grad_norm 0.29 | tok/s 287,435
step  13610/13952 | loss 1.6749 | lr 1.06e-05 | grad_norm 0.28 | tok/s 287,548
step  13620/13952 | loss 1.6666 | lr 1.05e-05 | grad_norm 0.28 | tok/s 287,563
step  13630/13952 | loss 1.6700 | lr 1.03e-05 | grad_norm 0.28 | tok/s 287,561
step  13640/13952 | loss 1.6660 | lr 1.02e-05 | grad_norm 0.28 | tok/s 287,500
step  13650/13952 | loss 1.6926 | lr 1.01e-05 | grad_norm 0.28 | tok/s 287,596
step  13660/13952 | loss 1.6841 | lr 9.93e-06 | grad_norm 0.27 | tok/s 287,514
step  13670/13952 | loss 1.6598 | lr 9.80e-06 | grad_norm 0.30 | tok/s 287,564
step  13680/13952 | loss 1.6727 | lr 9.68e-06 | grad_norm 0.29 | tok/s 287,534
step  13690/13952 | loss 1.6831 | lr 9.56e-06 | grad_norm 0.28 | tok/s 287,759
step  13700/13952 | loss 1.6746 | lr 9.44e-06 | grad_norm 0.28 | tok/s 287,721
step  13710/13952 | loss 1.6681 | lr 9.33e-06 | grad_norm 0.29 | tok/s 287,771
step  13720/13952 | loss 1.6722 | lr 9.22e-06 | grad_norm 0.28 | tok/s 287,583
step  13730/13952 | loss 1.6800 | lr 9.12e-06 | grad_norm 0.28 | tok/s 287,710
step  13740/13952 | loss 1.6588 | lr 9.02e-06 | grad_norm 0.28 | tok/s 287,770
step  13750/13952 | loss 1.6725 | lr 8.93e-06 | grad_norm 0.28 | tok/s 287,632
step  13760/13952 | loss 1.6700 | lr 8.84e-06 | grad_norm 0.29 | tok/s 287,608
step  13770/13952 | loss 1.6794 | lr 8.75e-06 | grad_norm 0.29 | tok/s 287,693
step  13780/13952 | loss 1.6612 | lr 8.67e-06 | grad_norm 0.29 | tok/s 287,594
step  13790/13952 | loss 1.6758 | lr 8.60e-06 | grad_norm 0.29 | tok/s 287,746
step  13800/13952 | loss 1.6663 | lr 8.53e-06 | grad_norm 0.29 | tok/s 287,559
step  13810/13952 | loss 1.6692 | lr 8.46e-06 | grad_norm 0.28 | tok/s 287,577
step  13820/13952 | loss 1.6717 | lr 8.40e-06 | grad_norm 0.28 | tok/s 287,585
step  13830/13952 | loss 1.6662 | lr 8.34e-06 | grad_norm 0.28 | tok/s 287,507
step  13840/13952 | loss 1.6645 | lr 8.29e-06 | grad_norm 0.28 | tok/s 287,649
step  13850/13952 | loss 1.6692 | lr 8.24e-06 | grad_norm 0.28 | tok/s 287,516
step  13860/13952 | loss 1.6776 | lr 8.19e-06 | grad_norm 0.28 | tok/s 287,575
step  13870/13952 | loss 1.6783 | lr 8.15e-06 | grad_norm 0.29 | tok/s 287,578
step  13880/13952 | loss 1.6760 | lr 8.12e-06 | grad_norm 0.29 | tok/s 287,489
step  13890/13952 | loss 1.6682 | lr 8.09e-06 | grad_norm 0.28 | tok/s 287,530
step  13900/13952 | loss 1.6578 | lr 8.06e-06 | grad_norm 0.29 | tok/s 287,521
step  13910/13952 | loss 1.6782 | lr 8.04e-06 | grad_norm 0.28 | tok/s 287,595
step  13920/13952 | loss 1.6708 | lr 8.02e-06 | grad_norm 0.28 | tok/s 287,507
step  13930/13952 | loss 1.6708 | lr 8.01e-06 | grad_norm 0.28 | tok/s 287,615
step  13940/13952 | loss 1.6731 | lr 8.00e-06 | grad_norm 0.29 | tok/s 287,535
step  13950/13952 | loss 1.6721 | lr 8.00e-06 | grad_norm 0.29 | tok/s 287,556
[ckpt] saved -> /mnt/weka/mmusayelyan/tinyllama_ct_uniform_14B_exp/step-13952
[train] done - saving final checkpoint
[ckpt] saved -> /mnt/weka/mmusayelyan/tinyllama_ct_uniform_14B_exp/step-13952
